time,baseline_raw,baseline,baseline_corrected_voltage
0.0,0.06735,0.06734464591034295,5.354089657044758e-06
0.25136950950950954,0.06779709373902294,0.06782514316955376,-2.804943053082154e-05
0.5027390190190191,0.06828163105134119,0.06829719076363656,-1.5559712295373784e-05
0.7541085285285286,0.06875692863925936,0.06876086233316218,-3.933693902821722e-06
1.0054780380380381,0.06922129964129013,0.06921623151870147,5.068122588658408e-06
1.2568475475475478,0.06967352378706869,0.06966337196082528,1.0151826243406936e-05
1.5082170570570572,0.07010037496512907,0.07010235730010445,-1.9823349753783637e-06
1.7595865665665666,0.0705386756620278,0.07053326117710983,5.414484917976026e-06
2.0109560760760763,0.07095962945601815,0.07095615723241226,3.4722236058881695e-06
2.262325585585586,0.07138163476065139,0.0713711191065826,1.051565406878785e-05
2.5136950950950956,0.07178933722508443,0.07177822044019168,1.1116784892753473e-05
2.765064604604605,0.07219049798270297,0.07217753487381035,1.2963108892621866e-05
3.0164341141141144,0.07258399535672523,0.07256913604800946,1.4859308715767239e-05
3.267803623623624,0.0729638238285803,0.07295309760335986,1.0726225220442087e-05
3.5191731331331333,0.07334622773403006,0.07332949318043239,1.6734553597672064e-05
3.770542642642643,0.07371767875658677,0.0736983964197979,1.9282336788870036e-05
4.021912152152153,0.07408066896743982,0.07405988096202723,2.0788005412594734e-05
4.273281661661662,0.0744324216116354,0.07441402044769123,1.8401163944165022e-05
4.524651171171172,0.07476728573425329,0.07476088851736075,6.397216892536917e-06
4.7760206806806815,0.07510697126206749,0.07510055881160663,6.412450460860364e-06
5.027390190190191,0.07542916620826101,0.07543310497099971,-3.93876273870053e-06
5.2787596996997,0.0757523875265144,0.07575860063611085,-6.213109596447941e-06
5.53012920920921,0.0760649818161287,0.07607711944751089,-1.2137631382191927e-05
5.781498718718719,0.07636655253115349,0.07638873504577068,-2.2182514617191673e-05
6.032868228228229,0.07665293530165947,0.07669352107146106,-4.058576980159323e-05
6.2842377377377385,0.07693416802404686,0.07699155116515141,-5.738314110455278e-05
6.535607247247248,0.07721037170218449,0.07729161784033758,-8.124613815309323e-05
6.786976756756758,0.07747824232018904,0.07759311717532176,-0.00011487485513271556
7.038346266266267,0.07774056978593795,0.07789498844171949,-0.00015441865578154357
7.289715775775776,0.07798486522950683,0.07819795311171453,-0.00021308788220769648
7.541085285285286,0.07822697091246628,0.07850007436263742,-0.0002731034501711471
7.7924547947947955,0.07874388082308967,0.07879982909723947,-5.594827414980019e-05
8.043824304304305,0.07909,0.07909449995266207,-4.499952662079254e-06
8.295193813813814,0.07931406205985478,0.07938197259918267,-6.791053932789226e-05
8.546563323323324,0.07949559144179809,0.07965659444688145,-0.0001610030050833572
8.797932832832833,0.07982394357293858,0.07991638570489258,-9.244213195400142e-05
9.049302342342344,0.08005855477002305,0.08016307198655498,-0.00010451721653192969
9.300671851851853,0.0802068357927897,0.08039455767820443,-0.00018772188541472945
9.552041361361363,0.08032569613572199,0.08060989444798115,-0.00028419831225916237
9.803410870870872,0.08027364198838896,0.08080296843585219,-0.0005293264474632298
10.054780380380382,0.0804170600188908,0.08097596518515357,-0.0005589051662627659
10.306149889889891,0.08073302914461147,0.08112658681604669,-0.0003935576714352157
10.5575193993994,0.08092753357063408,0.0812571951214841,-0.00032966155085002724
10.80888890890891,0.08125782530927221,0.08136631510781972,-0.00010848979854750918
11.06025841841842,0.0814495198206432,0.08144792698804346,1.59283259974774e-06
11.31162792792793,0.08171482460909185,0.08150813651303913,0.00020668809605271787
11.562997437437438,0.08193306542619505,0.08154166430924323,0.0003914011169518228
11.814366946946949,0.08212465596202412,0.0815439812580613,0.0005806747039628218
12.065736456456458,0.08220352707737323,0.0815147866359367,0.0006887404414365333
12.317105965965967,0.08231212498351063,0.0814514499633894,0.0008606750201212293
12.568475475475477,0.08236316525885491,0.08135426524348455,0.0010089000153703648
12.819844984984986,0.08228944201176214,0.0812242702596131,0.0010651717521490411
13.071214494494496,0.08202473915730325,0.0810591991541548,0.0009655400031484546
13.322584004004005,0.0817639861941784,0.08086080691075395,0.0009031792834244545
13.573953513513516,0.08139878351724505,0.0806283911536905,0.0007703923635545562
13.825323023023024,0.0810093703753014,0.08037352728021069,0.0006358430950907101
14.076692532532533,0.08057837102257506,0.08009755889102901,0.00048081213154604896
14.328062042042044,0.08013038526331209,0.07980686021225349,0.00032352505105860685
14.579431551551552,0.07968583520404034,0.07950281338153008,0.00018302182251025978
14.830801061061063,0.07935324738242432,0.07918260396059405,0.00017064342183026326
15.082170570570572,0.07904405041315342,0.07884359562879882,0.00020045478435459785
15.333540080080082,0.0786119712171511,0.07849296355716841,0.0001190076599826978
15.584909589589591,0.07818730329558846,0.07814042266729744,4.688062829101558e-05
15.836279099099102,0.07773282178679418,0.07778571090398823,-5.288911719404654e-05
16.08764860860861,0.07743422581280147,0.0774338678322918,3.5798050967983386e-07
16.33901811811812,0.07703631534887946,0.07707818390101252,-4.1868552133061954e-05
16.590387627627628,0.07667660256609493,0.07672751003884506,-5.090747275013352e-05
16.84175713713714,0.0761953130778981,0.0763887773271593,-0.00019346424926119932
17.09312664664665,0.0757120897289601,0.07606745396709663,-0.00035536423813653517
17.344496156156158,0.07539491943397315,0.07576798183119364,-0.00037306239722048606
17.595865665665666,0.07485289558806497,0.0754915666623028,-0.0006386710742378315
17.84723517517518,0.07444607116969185,0.07524340400946677,-0.000797332839774928
18.098604684684688,0.07420053521239327,0.07502648498665754,-0.0008259497742642702
18.349974194194196,0.07398339862287127,0.07484253259027104,-0.0008591339673997694
18.601343703703705,0.07389,0.07469419618252154,-0.0008041961825215466
18.852713213213214,0.07383328124012412,0.07458998925960833,-0.0007567080194842146
19.104082722722726,0.073805111838701,0.07453216543101024,-0.0007270535923092347
19.355452232232235,0.0739373680278013,0.07452342093059186,-0.0005860529027905542
19.606821741741744,0.07411,0.07456429932032381,-0.00045429932032381437
19.858191251251252,0.07442641387567953,0.07464865938270851,-0.00022224550702898416
20.109560760760765,0.07444,0.07477844999983227,-0.0003384499998322632
20.360930270270273,0.07448654214194768,0.07495297847087586,-0.000466436328928177
20.612299779779782,0.07472257291008845,0.07517378228417008,-0.00045120937408163475
20.86366928928929,0.0748963514820883,0.07543761226675906,-0.0005412607846707607
21.1150387987988,0.07517565838027376,0.07574552777970872,-0.000569869399434958
21.366408308308312,0.07564652121317968,0.07609126887636766,-0.000444747663187986
21.61777781781782,0.076200868268564,0.07647114235872886,-0.0002702740901648626
21.86914732732733,0.0764986436364422,0.0768691801286419,-0.0003705364921997023
22.12051683683684,0.07684691958329576,0.07727886772421955,-0.00043194814092378797
22.371886346346347,0.07710644420282352,0.07769320429799417,-0.0005867600951706547
22.62325585585586,0.07751930387755918,0.07811593793012397,-0.0005966340525647984
22.874625365365368,0.07793939979901046,0.07853587128402237,-0.0005964714850119068
23.125994874874877,0.07845251694988875,0.07895255426481793,-0.0005000373149291748
23.377364384384386,0.07881171447918507,0.07936234289801718,-0.0005506284188321053
23.628733893893898,0.07930744228335916,0.07975905493696818,-0.00045161265360901814
23.880103403403407,0.07978495056394685,0.08013979064998093,-0.0003548400860340778
24.131472912912916,0.0803162432121624,0.08049110717071246,-0.00017486395855006998
24.382842422422424,0.08086259957345221,0.08080675958811213,5.583998534007539e-05
24.634211931931933,0.08148673809344091,0.08108249050684124,0.0004042475865996681
24.885581441441445,0.0820565585052771,0.08131238341781641,0.0007441750874606912
25.136950950950954,0.08248485061700439,0.08148929086279509,0.0009955597542092992
25.388320460460463,0.08287344895634552,0.08160856828490869,0.0012648806714368327
25.63968996996997,0.0831,0.08166582335304061,0.0014341766469593842
25.891059479479484,0.0831,0.0816664719712202,0.0014335280287797875
26.142428988988993,0.08326881723595517,0.08160810537498103,0.0016607118609741345
26.3937984984985,0.08320464071635486,0.08148562148144786,0.0017190192349069988
26.64516800800801,0.08302854804533463,0.0812915929559043,0.0017369550894303365
26.89653751751752,0.08260433955887875,0.08103036258671516,0.0015739769721635904
27.14790702702703,0.08207877265806972,0.08070529593981592,0.0013734767182538021
27.39927653653654,0.08128994636331748,0.08031945277176307,0.0009704935915544055
27.65064604604605,0.08059128696051014,0.07987569090687871,0.0007155960536314315
27.902015555555558,0.0798255993863686,0.07938314562860388,0.0004424537577647214
28.153385065065066,0.07927013294359447,0.07884899651813543,0.0004211364254590455
28.40475457457458,0.07874851578349669,0.07827045476002366,0.0004780610234730309
28.656124084084087,0.07824348225504951,0.07765620940665577,0.0005872728483937439
28.907493593593596,0.07757502633732796,0.07700107273275222,0.0005739536045757387
29.158863103103105,0.07699519791981331,0.07631278344292822,0.0006824144768850932
29.410232612612617,0.07626708708708706,0.07559946924213778,0.0006676178449492726
29.661602122122126,0.07529544028267644,0.07486253426324761,0.00043290601942883034
29.912971631631635,0.07424613414668024,0.07410607532737912,0.0001400588193011254
30.164341141141144,0.07318790514652582,0.07334164711370442,-0.0001537419671786
30.415710650650652,0.07208126372921245,0.07257629156180047,-0.0004950278325880214
30.667080160160165,0.07103965941669824,0.07181521003762242,-0.0007755506209241869
30.918449669669673,0.07006904007506766,0.071069478956783,-0.001000438881715346
31.169819179179182,0.0691265183567007,0.07035007503024004,-0.00122355667353935
31.42118868868869,0.06839273651790638,0.06966653647037134,-0.0012737999524649601
31.672558198198203,0.06774533481706557,0.06902376663217387,-0.0012784318151082968
31.923927707707712,0.06719665752537546,0.06842728752880757,-0.0012306300034321122
32.17529721721722,0.06657098270769536,0.06787279347307551,-0.0013018107653801486
32.42666672672673,0.06604051570545409,0.06736078153293963,-0.0013202658274855394
32.67803623623624,0.06586757478401571,0.06690473594012995,-0.0010371611561142413
32.92940574574575,0.06570886590547557,0.06650291368412188,-0.0007940477786463063
33.180775255255256,0.06547,0.06615555308901117,-0.000685553089011165
33.43214476476477,0.06537033028101992,0.0658586170022877,-0.000488286721267786
33.68351427427428,0.06518913539956911,0.06561188540733803,-0.0004227500077689239
33.93488378378379,0.06511,0.06540991582749688,-0.0002999158274968744
34.1862532932933,0.06505,0.06525726252467061,-0.00020726252467061224
34.43762280280281,0.06500124985257896,0.06514863147424696,-0.00014738162166799684
34.688992312312315,0.06494985746379416,0.0650888251045039,-0.000138967640709739
34.940361821821824,0.06478534337098439,0.06508508191207794,-0.0002997385410935527
35.19173133133133,0.06485,0.06513460812606656,-0.0002846081260665517
35.44310084084084,0.06498523235550822,0.06523178212079074,-0.0002465497652825166
35.69447035035036,0.06504957117867374,0.06537644754128555,-0.0003268763626118054
35.945839859859866,0.06538903879729903,0.06556277762054985,-0.00017373882325082135
36.197209369369375,0.06568336556862432,0.06577297024657633,-8.96046779520071e-05
36.448578878878884,0.06596338917527682,0.06600321290892625,-3.982373364942726e-05
36.69994838838839,0.0662385576902679,0.06624824491385466,-9.687223586754556e-06
36.9513178978979,0.06666230344686727,0.06650411624746147,0.0001581871994058015
37.20268740740741,0.06701174451928518,0.06677096054831357,0.00024078397097161697
37.45405691691692,0.06735577092602203,0.0670477820972599,0.0003079888287621374
37.70542642642643,0.06760571568051052,0.06732496055947988,0.0002807551210306375
37.95679593593594,0.0678,0.06760572363727997,0.0001942763627200278
38.20816544544545,0.06799854652089252,0.06788554684964336,0.000112999671249156
38.45953495495496,0.06841535245304478,0.06815651468935989,0.000258837763684891
38.71090446446447,0.06880219487106624,0.0684157852457992,0.0003864096252670507
38.96227397397398,0.06909370139273131,0.06866269311405479,0.0004310082786765229
39.21364348348349,0.06938747987364595,0.06890177822771965,0.0004857016459263036
39.465012992992996,0.06970340659042484,0.06913384373942108,0.0005695628510037631
39.716382502502505,0.07001260848619824,0.06935588858384961,0.0006567199023486264
39.96775201201201,0.07028886841992313,0.0695727536184706,0.0007161148014525331
40.21912152152153,0.07049529967621639,0.06978230251537304,0.0007129971608433455
40.47049103103104,0.07060598131136063,0.06999189091035206,0.0006140904010085713
40.72186054054055,0.07079126099511625,0.0702019344641969,0.0005893265309193513
40.973230050050056,0.07100302316595276,0.07040356278853147,0.0005994603774212987
41.224599559559564,0.07098,0.07059550554190663,0.0003844944580933679
41.47596906906907,0.07103,0.07077206056455215,0.00025793943544784315
41.72733857857858,0.07105485798116254,0.07094112282507477,0.0001137351560877714
41.97870808808809,0.07110931891970829,0.07110862207869414,6.968410141416914e-07
42.2300775975976,0.07113822193565923,0.07128042907755006,-0.00014220714189082384
42.48144710710711,0.07143110124903229,0.07146570080367516,-3.459955464286957e-05
42.732816616616624,0.07165828813041726,0.0716637656095609,-5.477479143645159e-06
42.98418612612613,0.07191585239256015,0.07187122618938739,4.4626203172762335e-05
43.23555563563564,0.0721,0.07209348378426436,6.516215735635766e-06
43.48692514514515,0.07215808026360515,0.07233583271571926,-0.00017775245211411328
43.73829465465466,0.07211714407924624,0.07259474264625244,-0.0004775985670062016
43.98966416416417,0.07223480327049572,0.07287195909521524,-0.0006371558247195153
44.24103367367368,0.07228,0.07316470148842859,-0.0008847014884285909
44.492403183183185,0.07241779830444695,0.07346836984138733,-0.0010505715369403812
44.743772692692694,0.07282265686090231,0.07378422264129855,-0.0009615657803962452
44.99514220220221,0.07316148674549365,0.0741187193029347,-0.000957232557441054
45.24651171171172,0.07352290918688262,0.07447183513921438,-0.0009489259523317584
45.49788122122123,0.07404866495786405,0.07484176954017935,-0.000793104582315296
45.749250730730736,0.07456852323984903,0.075225289483611,-0.000656766243761972
46.000620240240245,0.07510648173555519,0.07561711502222696,-0.0005106332866717661
46.251989749749754,0.07561499679571143,0.07601341209157744,-0.00039841529586601143
46.50335925925926,0.07610604853128991,0.07641016755709396,-0.00030411902580404493
46.75472876876877,0.07641950462089997,0.0768042769613597,-0.0003847723404597353
47.00609827827828,0.07669528084516257,0.07718830136516461,-0.0004930205200020382
47.257467787787796,0.07726551918183248,0.07756577711339832,-0.0003002579315658366
47.508837297297305,0.07788902286902291,0.07793785231753199,-4.882944850907733e-05
47.76020680680681,0.07860297232175499,0.0782927723704444,0.00031019995131059686
48.01157631631632,0.07930103577209542,0.0786331876136382,0.0006678481584572182
48.26294582582583,0.07990486823938438,0.07895963499547294,0.0009452332439114364
48.51431533533534,0.08023542578318134,0.07926971017998971,0.0009657156031916275
48.76568484484485,0.0805134984069729,0.07955864753872796,0.0009548508682449414
49.01705435435436,0.08076715281570383,0.07983418256555,0.0009329702501538334
49.268423863863866,0.08112150208365093,0.08008793094685182,0.0010335711367991107
49.51979337337338,0.08127583172916507,0.08031985230841804,0.0009559794207470301
49.77116288288289,0.08137746096835753,0.08052528637664418,0.0008521745917133561
50.0225323923924,0.08151,0.08070077520562195,0.0008092247943780467
50.27390190190191,0.0815516470684583,0.08084096063920629,0.000710686429252011
50.52527141141142,0.08154611445988805,0.08095029836812373,0.0005958160917643174
50.776640920920926,0.08158,0.0810214789191122,0.0005585210808878027
51.028010430430434,0.0815041249726809,0.08105460523545538,0.00044951973722552607
51.27937993993994,0.08136309515034995,0.08105923241546534,0.00030386273488461346
51.53074944944945,0.08113622995579849,0.08103381992468464,0.00010241003111384483
51.78211895895897,0.08079076212731502,0.08097832431736267,-0.00018756219004764652
52.03348846846848,0.080458266349029,0.08089789599383422,-0.00043962964480522004
52.284857977977985,0.08024840470552809,0.08079217834737296,-0.0005437736418448663
52.536227487487494,0.08010762767518112,0.08066286916375831,-0.0005552414885771906
52.787596996997,0.08002810411351421,0.08051142318543988,-0.0004833190719256697
53.03896650650651,0.07994,0.08034365649402983,-0.00040365649402983317
53.29033601601602,0.07996,0.08015665030270659,-0.00019665030270658856
53.54170552552553,0.0798868089686265,0.07995215008941106,-6.534112078455945e-05
53.79307503503504,0.07974970262458039,0.07973795754255472,1.1745082025671483e-05
54.044444544544554,0.07971,0.07951896659964605,0.00019103340035395155
54.29581405405406,0.07957182045951276,0.07930356158420955,0.00026825887530321224
54.54718356356357,0.0792911341592453,0.0790976990048887,0.00019343515435660263
54.79855307307308,0.0790112232646848,0.07890566197065582,0.00010556129402897185
55.04992258258259,0.07876304328971652,0.07872328907783581,3.975421188071038e-05
55.3012920920921,0.07843329182239439,0.07855020978053856,-0.00011691795814416928
55.552661601601606,0.0782708268228781,0.07838730244394995,-0.0001164756210718515
55.804031111111115,0.07810464686251983,0.07824235608873992,-0.00013770922622008408
56.055400620620624,0.07799127492830102,0.07811599503371947,-0.00012472010541844658
56.30677013013013,0.07781956756233543,0.07800705318944999,-0.00018748562711455585
56.55813963963965,0.07765574702844785,0.07792059451948834,-0.00026484749104048466
56.80950914914916,0.07742614137548094,0.0778626179936208,-0.0004364766181398638
57.060878658658666,0.07731435240916723,0.0778327033217939,-0.0005183509126266694
57.312248168168175,0.07725413101618128,0.0778262642301188,-0.0005721332139375229
57.563617677677684,0.07713586027842438,0.07782987371381894,-0.000694013435394561
57.81498718718719,0.07702054352528971,0.07783884365442727,-0.0008183001291375558
58.0663566966967,0.07695,0.07784807077343375,-0.0008980707734337484
58.31772620620621,0.07692,0.0778488092943711,-0.0009288092943710996
58.56909571571572,0.07697929327787846,0.07784161269332195,-0.0008623194154434854
58.820465225225234,0.07710195544082929,0.07782866969677357,-0.000726714255944283
59.07183473473474,0.07726045480635028,0.0778060729598633,-0.0005456181535130195
59.32320424424425,0.07731,0.07777286565405765,-0.0004628656540576481
59.57457375375376,0.07736,0.07772327668483478,-0.0003632766848347818
59.82594326326327,0.07736943482664527,0.07766066514232878,-0.00029123031568351054
60.07731277277278,0.07750040521395712,0.07757819099816235,-7.778578420522542e-05
60.32868228228229,0.0776625147456794,0.07747056889863976,0.0001919458470396318
60.580051791791796,0.07779219642303328,0.07733515594779043,0.00045704047524285085
60.831421301301305,0.07786875473953402,0.07717231206432094,0.0006964426752130715
61.08279081081082,0.07785,0.07697706565974713,0.0008729343402528733
61.33416032032033,0.07779928003793767,0.07675249876067523,0.0010467812772624319
61.58552982982984,0.07778,0.07650288216189918,0.0012771178381008191
61.83689933933935,0.07777739146131163,0.07622274076873362,0.0015546506925780135
62.088268848848855,0.07768475841615004,0.07592198899493952,0.0017627694212105222
62.339638358358364,0.07741126988000117,0.07559743316529292,0.0018138367147082501
62.59100786786787,0.07712445439024199,0.07525128668106695,0.0018731677091750332
62.84237737737738,0.07668115127957607,0.07488704859168631,0.0017941026878897648
63.09374688688689,0.07587571273578163,0.07450651891346144,0.0013691938223201888
63.345116396396406,0.07491128931516709,0.07410438302728202,0.000806906287885073
63.596485905905915,0.07401310419445571,0.07368528597318377,0.0003278182212719388
63.847855415415424,0.07336236297416361,0.07325184679718874,0.00011051617697487026
64.09922492492493,0.07272001436218828,0.07280087550943752,-8.08611472492421e-05
64.35059443443444,0.07206843406009952,0.07233590391786153,-0.0002674698577620066
64.60196394394396,0.07148749259594589,0.07186236382257966,-0.00037487122663376615
64.85333345345346,0.07077978745317955,0.07138532928121495,-0.0006055418280354052
65.10470296296297,0.06999588580980028,0.07090776560139139,-0.0009118797915911164
65.35607247247248,0.06931443399683836,0.07043727135502621,-0.001122837358187856
65.60744198198199,0.06865692803280828,0.06997783604484092,-0.0013209080120326483
65.8588114914915,0.06814251604335926,0.0695265155153654,-0.0013839994720061394
66.11018100100101,0.06760321438504795,0.06908617579383253,-0.0014829614087845805
66.36155051051051,0.06719977155344939,0.06865530408667034,-0.001455532533220949
66.61292002002003,0.06692150644886954,0.06823994848824771,-0.0013184420393781704
66.86428952952954,0.06688,0.06784488145591891,-0.0009648814559189145
67.11565903903904,0.06679664080336979,0.06747222607694474,-0.0006755852735749468
67.36702854854856,0.06678711060787564,0.06712433563443279,-0.0003372250265571558
67.61839805805806,0.0667062166726068,0.06680411153601064,-9.789486340383569e-05
67.86976756756758,0.06653,0.06651157751590746,1.8422484092547875e-05
68.12113707707708,0.06647206601231785,0.06625199250834075,0.00022007350397709735
68.3725065865866,0.06626313538294769,0.06602978232298405,0.00023335305996363687
68.6238760960961,0.06619115414773291,0.06584627258711971,0.00034488156061319997
68.87524560560561,0.06615,0.06569769953433298,0.00045230046566702153
69.12661511511513,0.06597368519112937,0.06558977691285367,0.0003839082782756964
69.37798462462463,0.06576465805721095,0.06552056484510521,0.00024409321210573653
69.62935413413415,0.06569536846421141,0.06547677547658298,0.00021859298762842705
69.88072364364365,0.06563,0.06544909771051183,0.00018090228948816622
70.13209315315316,0.06559,0.06543551877357341,0.0001544812264265838
70.38346266266267,0.06567657406878089,0.06544217082372801,0.0002344032450528749
70.63483217217218,0.06572472260621667,0.06546600815480712,0.00025871445140955573
70.88620168168168,0.06570492238496516,0.06550349259246481,0.0002014297925003461
71.1375711911912,0.06562,0.06555447795734845,6.552204265154737e-05
71.38894070070072,0.06560357940600933,0.06561293082535193,-9.351419342593092e-06
71.64031021021022,0.06548503397874961,0.06567537782928907,-0.00019034385053946778
71.89167971971973,0.06536,0.06573394195998618,-0.0003739419599861765
72.14304922922923,0.06532136595457705,0.06578438830670816,-0.0004630223521311094
72.39441873873875,0.06528,0.06582658771466442,-0.0005465877146644121
72.64578824824825,0.06535065891100357,0.0658585254733588,-0.0005078665623552275
72.89715775775777,0.06546171895404523,0.06588204373207575,-0.0004203247780305147
73.14852726726727,0.06558635511805547,0.06590202261802215,-0.00031566749996668475
73.39989677677679,0.06575669307594997,0.06592613368544419,-0.0001694406094942119
73.6512662862863,0.06594144040047935,0.06594645872693444,-5.0183264550945905e-06
73.9026357957958,0.06605936702204698,0.0659636198967122,9.574712533477747e-05
74.15400530530532,0.06625927075566895,0.06597486693455301,0.00028440382111594165
74.40537481481482,0.06643048044101273,0.06597427417150054,0.000456206269512191
74.65674432432434,0.0665852777962783,0.0659688939851811,0.0006163838110972014
74.90811383383384,0.0667089349280955,0.06595499285220704,0.0007539420758884557
75.15948334334335,0.06685387751299057,0.06593946232954788,0.0009144151834426933
75.41085285285286,0.06683,0.06592732877454714,0.0009026712254528585
75.66222236236237,0.06670869705997912,0.06591815291190097,0.0007905441480781511
75.91359187187189,0.06660795507487928,0.06590909090275016,0.0006988641721291239
76.16496138138139,0.06654562277901362,0.06590510197477381,0.0006405208042398053
76.4163308908909,0.06648795280802036,0.0659092033193261,0.0005787494886942551
76.6677004004004,0.06635789512035446,0.065920949330135,0.00043694579021946733
76.91906990990992,0.0662426466683539,0.06594910290954534,0.00029354375880856487
77.17043941941942,0.06613979850229726,0.06598973217058608,0.00015006633171117667
77.42180892892894,0.06601521984774325,0.06604527763199484,-3.0057784251594222e-05
77.67317843843844,0.065856445541809,0.06611373123013234,-0.00025728568832333876
77.92454794794796,0.0655893291059592,0.0661936972763831,-0.0006043681704239051
78.17591745745747,0.06555216483182116,0.0662775636326316,-0.000725398800810434
78.42728696696697,0.06557929407239753,0.06636234524415706,-0.0007830511717595301
78.67865647647649,0.06567487553032089,0.06645044754105267,-0.0007755720107317787
78.93002598598599,0.06574597140758305,0.06654053239958727,-0.0007945609920042146
79.18139549549551,0.0658274966112702,0.06663711219563809,-0.000809615584367887
79.43276500500501,0.06582,0.06674422508204228,-0.0009242250820422765
79.68413451451453,0.06576,0.06686254325219189,-0.0011025432521918899
79.93550402402403,0.06593384822476493,0.06699145253679775,-0.00105760431203282
80.18687353353354,0.0662011356008547,0.06713278731947123,-0.000931651718616533
80.43824304304306,0.0665457083155112,0.0672812165435901,-0.0007355082280788988
80.68961255255256,0.06705528842297202,0.06743912161381534,-0.00038383319084331347
80.94098206206208,0.06751185993685997,0.06760972496806837,-9.786503120839951e-05
81.19235157157158,0.06800245335527742,0.06778920242547459,0.00021325092980283011
81.4437210810811,0.06844725601338078,0.06798186802139457,0.00046538799198621306
81.6950905905906,0.06880252921230744,0.06818806325372047,0.0006144659585869683
81.94646010010011,0.06905538210956153,0.06840141226816696,0.0006539698413945694
82.19782960960961,0.06936558326192137,0.06861703557591452,0.0007485476860068507
82.44919911911913,0.06965096264634466,0.06883366514025532,0.0008172975060893317
82.70056862862863,0.06984106321205386,0.06904899243645916,0.0007920707755946915
82.95193813813815,0.07007,0.06926290852241253,0.0008070914775874655
83.20330764764766,0.07012685600370347,0.0694704084544045,0.0006564475492989719
83.45467715715716,0.07027782237446795,0.06967193219346948,0.000605890180998464
83.70604666666668,0.0702589436504025,0.0698635933499797,0.0003953503004228004
83.95741617617618,0.07018909625425039,0.07004803314418442,0.00014106311006596706
84.2087856856857,0.07018258819724878,0.07021917704805103,-3.658885080225216e-05
84.4601551951952,0.07029367431995821,0.07037254996612134,-7.887564616312903e-05
84.71152470470471,0.0704664216141069,0.070514505700927,-4.808408682009657e-05
84.96289421421422,0.07062092371326477,0.0706462742931921,-2.5350579927335692e-05
85.21426372372373,0.07080239710385595,0.07076854884932476,3.384825453119078e-05
85.46563323323325,0.07093420563491043,0.07088170312525097,5.250250965946335e-05
85.71700274274275,0.07096,0.0709881393121487,-2.813931214870613e-05
85.96837225225227,0.07096,0.07108418149306203,-0.00012418149306203663
86.21974176176177,0.07102,0.07116573612661083,-0.00014573612661082647
86.47111127127128,0.07103385774797427,0.07123861502334798,-0.0002047572753737098
86.72248078078078,0.07116630436745272,0.0713037609097179,-0.00013745654226518522
86.9738502902903,0.07131996562637588,0.07136191068190857,-4.194505553269112e-05
87.2252197997998,0.071351367981824,0.07141738040066913,-6.601241884512943e-05
87.47658930930932,0.0715084547863214,0.0714697947592282,3.86600270931986e-05
87.72795881881883,0.07149145713839761,0.07152215948444034,-3.07023460427297e-05
87.97932832832834,0.07147,0.0715777669650371,-0.00010776696503710104
88.23069783783785,0.07147,0.07163265837420674,-0.00016265837420673113
88.48206734734735,0.07149,0.07168560825472593,-0.00019560825472593468
88.73343685685687,0.07152,0.07174185716206853,-0.00022185716206853112
88.98480636636637,0.07162629563618737,0.07180257960267121,-0.0001762839664838367
89.23617587587589,0.07170868429573558,0.07186643082965863,-0.00015774653392304494
89.48754538538539,0.07185184879545393,0.07193790367040223,-8.605487494829644e-05
89.7389148948949,0.07195264159181361,0.07201297866684914,-6.033707503552699e-05
89.99028440440442,0.07216273615980513,0.07209380465872574,6.89315010793945e-05
90.24165391391392,0.07221927196427197,0.07217610593233417,4.316603193779689e-05
90.49302342342344,0.07239473541588927,0.07225536547489841,0.00013936994099085498
90.74439293293294,0.07255438784274665,0.07233147826369224,0.0002229095790544089
90.99576244244246,0.07267279333574207,0.07241162798195758,0.00026116535378449546
91.24713195195196,0.0727803222789078,0.07250133278057563,0.0002789894983321606
91.49850146146147,0.07291309163278607,0.0725978170501769,0.0003152745826091735
91.74987097097097,0.07299,0.0727013148889405,0.00028868511105950567
92.00124048048049,0.07295991076875691,0.07280836888324861,0.00015154188550829673
92.25260998999,0.07291,0.072917676772308,-7.676772307993462e-06
92.50397949949951,0.0728771424006397,0.0730258588314308,-0.0001487164307911043
92.75534900900902,0.07283,0.07313380981436657,-0.0003038098143665624
93.00671851851853,0.07283,0.07324086010432114,-0.00041086010432113407
93.25808802802804,0.07289796915526907,0.07335135281586744,-0.0004533836605983693
93.50945753753754,0.07304013166217398,0.07346785276349731,-0.00042772110132333063
93.76082704704706,0.07322231122308917,0.07358636179111841,-0.0003640505680292394
94.01219655655656,0.073422996329663,0.07371178691161434,-0.0002887905819513453
94.26356606606608,0.07354816132229791,0.07383737011272307,-0.000289208790425155
94.51493557557559,0.07379321941585304,0.07396035655860424,-0.0001671371427511975
94.7663050850851,0.0740473904658725,0.07407923500950837,-3.184454363587552e-05
95.01767459459461,0.07424209815912045,0.07419577540221915,4.632275690129306e-05
95.26904410410411,0.07443052470616573,0.07430848299880208,0.00012204170736365705
95.52041361361363,0.07461559252204399,0.0744195872279439,0.0001960052941000906
95.77178312312313,0.07472,0.07452383410681031,0.00019616589318968702
96.02315263263264,0.07479865087857696,0.0746254694635621,0.0001731814150148503
96.27452214214215,0.07490080440716715,0.07472833870608322,0.00017246570108392367
96.52589165165166,0.0749723762243256,0.07483428212486373,0.0001380940994618607
96.77726116116118,0.0751228492662204,0.0749376437254106,0.00018520554080979357
97.02863067067068,0.07532986759060688,0.07503931857065285,0.0002905490199540256
97.2800001801802,0.07541,0.07514100499577578,0.0002689950042242262
97.5313696896897,0.07535596043827078,0.07524118394508278,0.00011477649318800132
97.78273919919921,0.07536808294078394,0.07533712038801353,3.096255277040827e-05
98.03410870870871,0.0754,0.07543211942163731,-3.21194216373194e-05
98.28547821821823,0.07550845572890444,0.07552666215749929,-1.820642859484689e-05
98.53684772772773,0.07555,0.07561486480961277,-6.486480961276353e-05
98.78821723723725,0.07566260811550468,0.07569683444598466,-3.422633047997503e-05
99.03958674674676,0.07579906529989824,0.07577254150806668,2.6523791831559174e-05
99.29095625625627,0.07590647425148166,0.07584285719383554,6.361705764611203e-05
99.54232576576578,0.07598,0.07590695451632397,7.304548367603747e-05
99.79369527527528,0.07598678268011602,0.0759638313408727,2.2951339243321156e-05
100.0450647847848,0.07599,0.07601441518015044,-2.441518015043609e-05
100.2964342942943,0.07593,0.07606202540070692,-0.00013202540070691993
100.54780380380382,0.07589532849911054,0.07610654501826669,-0.0002112165191561488
100.79917331331332,0.07591,0.07614240926460285,-0.0002324092646028425
101.05054282282283,0.07596828931652103,0.0761747387241282,-0.00020644940760716768
101.30191233233235,0.07595885749654979,0.07620105667833463,-0.00024219918178483568
101.55328184184185,0.07598200007794882,0.07621967099848281,-0.00023767092053399164
101.80465135135137,0.0759878666098331,0.07623096209111327,-0.00024309548128016722
102.05602086086087,0.07614911821629416,0.07623611605863667,-8.699784234250663e-05
102.30739037037038,0.07624,0.07623214728302337,7.852716976633478e-06
102.55875987987989,0.0761483949385131,0.07621741177031717,-6.901683180407514e-05
102.8101293893894,0.07608701877947986,0.07619067143049384,-0.00010365265101397458
103.0614988988989,0.07605,0.07615137198255564,-0.00010137198255563695
103.31286840840842,0.07609575238619595,0.07610409660843906,-8.34422224310627e-06
103.56423791791794,0.0760750034904298,0.07604830625108643,2.669723934337065e-05
103.81560742742744,0.07606127387318658,0.07597743934707762,8.383452610895292e-05
104.06697693693695,0.07613087084127007,0.07588907640053433,0.00024179444073574308
104.31834644644645,0.0761170187608533,0.07578603593890744,0.00033098282194586603
104.56971595595597,0.0760156726055444,0.0756670546586463,0.0003486179468980971
104.82108546546547,0.07597398745543572,0.07553646920625243,0.00043751824918329685
105.07245497497499,0.07586296999263042,0.0753911951404166,0.00047177485221382154
105.32382448448449,0.07571380768865274,0.07523350131720569,0.00048030637144705346
105.575193993994,0.07545096698472745,0.07506529093197133,0.0003856760527561204
105.82656350350352,0.07518703449630013,0.074888365484891,0.00029866901140912505
106.07793301301302,0.07496615810884774,0.0746999328222029,0.0002662252866448417
106.32930252252254,0.07475,0.07449642460812829,0.00025357539187170763
106.58067203203204,0.0744273368984748,0.07427906010789648,0.00014827679057832777
106.83204154154156,0.07409087500018498,0.0740467502206823,4.4124779502677236e-05
107.08341105105106,0.07383630749033902,0.07380050576706783,3.580172327119491e-05
107.33478056056057,0.07350488559495452,0.07354177787700054,-3.689228204602213e-05
107.58615007007008,0.07326125779383641,0.07327330250256858,-1.2044708732172893e-05
107.83751957957959,0.07301776909421735,0.07299590556018896,2.186353402838792e-05
108.08888908908911,0.07275218961692097,0.07270949910325482,4.269051366614929e-05
108.34025859859861,0.07243553681823764,0.07241603635238197,1.9500465855665228e-05
108.59162810810813,0.0721228240648329,0.07212214292915146,6.81135681440681e-07
108.84299761761763,0.07181740460188078,0.07182990328699214,-1.2498685111356211e-05
109.09436712712714,0.0715632429640991,0.07153756409553408,2.5678868565026658e-05
109.34573663663664,0.0712880966913659,0.07124629754313655,4.179914822935449e-05
109.59710614614616,0.07092408652615155,0.0709601144615012,-3.602793534965287e-05
109.84847565565566,0.07063852091045915,0.07068247552168185,-4.395461122269628e-05
110.09984516516518,0.07046774834459672,0.07041374284853584,5.4005496060882674e-05
110.3512146746747,0.07024691413715872,0.07015977285327674,8.714128388198628e-05
110.6025841841842,0.06998461768259229,0.06992532972081543,5.928796177685769e-05
110.85395369369371,0.06978536535549841,0.06971743220284377,6.793315265464506e-05
111.10532320320321,0.06952790221468387,0.06953578692831651,-7.884713632638762e-06
111.35669271271273,0.06932335858776469,0.0693839951122897,-6.063652452500956e-05
111.60806222222223,0.06913771480203712,0.06926140004803823,-0.00012368524600110675
111.85943173173175,0.06894928928436066,0.06916536248657874,-0.00021607320221808668
112.11080124124125,0.06870486324175333,0.0690934914585783,-0.00038862821682496274
112.36217075075076,0.06855555682901836,0.06904317253332695,-0.00048761570430859436
112.61354026026027,0.06850569725960559,0.06901510084696617,-0.0005094035873605823
112.86490976976978,0.06846,0.06901190994822543,-0.0005519099482254319
113.1162792792793,0.06843308364426094,0.06903280781304982,-0.0005997241687888816
113.3676487887888,0.06844394267729079,0.06907197756180891,-0.000628034884518125
113.61901829829831,0.06851856495726875,0.06913418251306024,-0.0006156175557914811
113.87038780780782,0.0686257653069531,0.0692186558318325,-0.0005928905248794025
114.12175731731733,0.06871787447871727,0.06932979552924973,-0.0006119210505324546
114.37312682682683,0.06893242351271923,0.06946799467390707,-0.0005355711611878394
114.62449633633635,0.06916410891045938,0.0696278106625024,-0.000463701752043022
114.87586584584585,0.06944567083335726,0.06980496737261783,-0.0003592965392605757
115.12723535535537,0.06971637065848503,0.06999678530910418,-0.0002804146506191485
115.37860486486488,0.06996471394509346,0.07020274248175615,-0.00023802853666268775
115.62997437437438,0.07029240389231026,0.07042626616411822,-0.0001338622718079635
115.8813438838839,0.07060618003527902,0.07066184573217833,-5.5665696899312445e-05
116.1327133933934,0.07099705796316631,0.07090528929901933,9.176866414697948e-05
116.38408290290292,0.07143145365423847,0.071157416571105,0.0002740370831334771
116.63545241241242,0.07178371101203367,0.0714149166829925,0.00036879432904116105
116.88682192192194,0.07216828686168354,0.07167220201152086,0.0004960848501626841
117.13819143143144,0.07232,0.07192063930680238,0.0003993606931976118
117.38956094094095,0.07243844168804442,0.07215846616130622,0.0002799755267381965
117.64093045045047,0.07252841103336115,0.07237654793388161,0.0001518630994795378
117.89229995995997,0.07259843704512113,0.072572624198176,2.58128469451252e-05
118.14366946946949,0.07274,0.07274519364829847,-5.193648298471021e-06
118.39503897897899,0.07285663553788999,0.07288971324958363,-3.307771169364093e-05
118.6464084884885,0.07306045062928468,0.0730010232503358,5.9427378948873066e-05
118.897777997998,0.07329560893276266,0.07308267759466021,0.00021293133810244835
119.14914750750752,0.0734549429965932,0.07313550518298291,0.000319437813610296
119.40051701701702,0.07351310262507696,0.07315648140379058,0.0003566212212863795
119.65188652652654,0.07372326675844491,0.07314853064911797,0.0005747361093269426
119.90325603603605,0.07383,0.0731111065389074,0.0007188934610926068
120.15462554554556,0.07384,0.07304306289052573,0.0007969371094742744
120.40599505505507,0.07371917672483602,0.07294349702261486,0.0007756797022211576
120.65736456456457,0.07350084601351173,0.07281476705855032,0.0006860789549614082
120.90873407407409,0.07335571162136006,0.07266173811038322,0.0006939735109768447
121.16010358358359,0.0732147722538409,0.07248850456884166,0.0007262676849992405
121.41147309309311,0.07307337104907492,0.07229459981906897,0.0007787712300059563
121.66284260260261,0.07285388949995125,0.07208225511131579,0.0007716343886354643
121.91421211211212,0.07244548332586404,0.0718521071106261,0.0005933762152379313
122.16558162162164,0.07206724920216008,0.07160844510860047,0.0004588040935596116
122.41695113113114,0.0715899503328465,0.07135432453700925,0.00023562579583724652
122.66832064064066,0.07098924371508594,0.07109336278444882,-0.00010411906936287629
122.91969015015016,0.07045735819015253,0.0708309398190291,-0.00037358162887657365
123.17105965965968,0.0699220507725592,0.07056532597671163,-0.0006432752041524298
123.42242916916918,0.06949920032172824,0.07030278543494968,-0.0008035851132214417
123.6737986786787,0.06907479067806223,0.07003825930688724,-0.0009634686288250149
123.9251681881882,0.06879328710749237,0.06976925087425791,-0.0009759637667655363
124.17653769769771,0.06855041706336183,0.06949078386032721,-0.0009403667969653806
124.42790720720723,0.068296463478116,0.06920487231884095,-0.0009084088407249474
124.67927671671673,0.06812151071146369,0.06891466359407314,-0.0007931528826094492
124.93064622622624,0.06800036529996377,0.06862358573778272,-0.0006232204378189554
125.18201573573575,0.06778826527168651,0.06833726347683482,-0.00054899820514831
125.43338524524526,0.06759421590752072,0.06805286480871711,-0.00045864890119638735
125.68475475475476,0.06747364262711229,0.06777134143341129,-0.0002976988062989988
125.93612426426428,0.06723846992111975,0.06748766058442349,-0.0002491906633037416
126.18749377377378,0.06702310345746079,0.06721010820489849,-0.00018700474743769957
126.4388632832833,0.06689609330404293,0.0669386822286728,-4.258892462986885e-05
126.69023279279281,0.06684505041748805,0.066669621491,0.0001754289264880443
126.94160230230231,0.06671443528389696,0.0664003630530141,0.00031407223088286695
127.19297181181183,0.06655885159809369,0.06612743024912661,0.00043142134896707873
127.44434132132133,0.06630337910548065,0.06585736690079678,0.0004460122046838627
127.69571083083085,0.06614528371802546,0.06559198104601575,0.0005533026720097034
127.94708034034035,0.06594504267450348,0.0653329816994649,0.0006120609750385753
128.19844984984985,0.0657410430744358,0.0650800294444083,0.0006610136300275044
128.44981935935937,0.06551809915908859,0.06482997633205456,0.0006881228270340239
128.70118886886888,0.06522682903145482,0.0645848063524764,0.0006420226789784211
128.9525583783784,0.06494419930265259,0.0643422734407735,0.0006019258618790851
129.20392788788791,0.06458749268983947,0.06409658618870435,0.0004909065011351188
129.4552973973974,0.0642708143995742,0.06384672746702658,0.00042408693254762653
129.70666690690692,0.06382989479961748,0.06359326162634425,0.00023663317327322908
129.95803641641643,0.0633542256419918,0.06333880746733686,1.541817465493256e-05
130.20940592592595,0.06293779553883926,0.06308538300515497,-0.00014758746631571285
130.46077543543544,0.0626897099380207,0.06283749040448369,-0.00014778046646299337
130.71214494494495,0.06239112263368143,0.06258982429793318,-0.00019870166425175334
130.96351445445447,0.062098663966889185,0.06233946282984529,-0.0002407988629561028
131.21488396396398,0.061704945744804715,0.062086103841945864,-0.0003811580971411488
131.4662534734735,0.06124089477455594,0.06183005618657847,-0.0005891614120225319
131.717622982983,0.060965379199584474,0.06156993708791254,-0.0006045578883280625
131.9689924924925,0.060657967454268234,0.06130360749157447,-0.0006456400373062374
132.22036200200202,0.060493090519837964,0.06103658223174979,-0.0005434917119118282
132.47173151151154,0.06028968429172001,0.060768683789368824,-0.00047899949764881183
132.72310102102102,0.06007619362769755,0.060503936790346095,-0.00042774316264854867
132.97447053053054,0.05998,0.06025215861544364,-0.000272158615443642
133.22584004004005,0.05992,0.06001994361605454,-9.994361605453889e-05
133.47720954954957,0.05995,0.059808944149685773,0.0001410558503142298
133.7285790590591,0.05989779327200803,0.059622705669784115,0.0002750876022239168
133.97994856856857,0.05985446172159592,0.05945867718535859,0.00039578453623732857
134.2313180780781,0.0598200603097752,0.05932166767760955,0.0004983926321656465
134.4826875875876,0.05977796789188237,0.05920985579316474,0.0005681120987176269
134.73405709709712,0.05967863525916031,0.05911830011018727,0.0005603351489730443
134.9854266066066,0.05954,0.059044837577352675,0.0004951624226473272
135.23679611611612,0.05935958809773572,0.058991567583909686,0.00036802051382603396
135.48816562562564,0.05920781205433462,0.05896233074028518,0.000245481314049438
135.73953513513516,0.05911498113063697,0.05895187969693312,0.00016310143370384944
135.99090464464467,0.0589577869696734,0.058960830484239016,-3.0435145656135254e-06
136.24227415415416,0.05878219418943884,0.0589807569688037,-0.00019856277936485672
136.49364366366368,0.058490311002378,0.059009592261879365,-0.0005192812595013682
136.7450131731732,0.05813798788915854,0.059046416638056744,-0.0009084287488982032
136.9963826826827,0.057985017181591186,0.05909719516258014,-0.0011121779809889557
137.2477521921922,0.05793225996488292,0.059157657655592756,-0.0012253976907098327
137.4991217017017,0.05800860218498375,0.05922297580354751,-0.0012143736185637605
137.75049121121123,0.05820343607090104,0.05929304740082153,-0.001089611329920491
138.00186072072074,0.058438790336752755,0.0593616810031409,-0.0009228906663881417
138.25323023023026,0.058860957690881684,0.059431169531356465,-0.0005702118404747811
138.50459973973975,0.05928922413600441,0.05949586425907772,-0.00020664012307330948
138.75596924924926,0.05972102072849758,0.05955249129672098,0.00016852943177660118
139.00733875875878,0.06013238628890175,0.05959831854018144,0.0005340677487203141
139.2587082682683,0.06038380055512868,0.05963502302048836,0.0007487775346403172
139.51007777777778,0.06056244366105236,0.05966776938441746,0.0008946742766349006
139.7614472872873,0.060663320020733325,0.05969926435212184,0.000964055668611484
140.0128167967968,0.06064571810052332,0.059728451103113894,0.0009172669974094258
140.26418630630633,0.06061506501037854,0.05975245766760549,0.0008626073427730543
140.51555581581584,0.06050869427041677,0.05977552891340894,0.000733165357007827
140.76692532532533,0.06041,0.05979707567674165,0.0006129243232583514
141.01829483483485,0.06047448792341879,0.05982274459669007,0.0006517433267287237
141.26966434434436,0.060611660635718,0.0598463589949448,0.0007653016407731944
141.52103385385388,0.06061,0.05986542246222522,0.0007445775377747793
141.77240336336337,0.06045041100259204,0.059878940433703565,0.0005714705688884755
142.02377287287288,0.06034,0.059887385447031906,0.00045261455296809194
142.2751423823824,0.06019,0.05989532601908241,0.00029467398091759245
142.52651189189191,0.06013865750786415,0.05990067377150439,0.000237983736359762
142.77788140140143,0.060047272493395996,0.05990424096520368,0.00014303152819231807
143.02925091091092,0.0599676619361105,0.05990384460590517,6.381733020532909e-05
143.28062042042043,0.05978665706333561,0.05989899847303233,-0.0001123414096967229
143.53198992992995,0.059636152777924806,0.05989470948740712,-0.00025855670948231324
143.78335943943947,0.059600416042081515,0.05989319407570581,-0.00029277803362429827
144.03472894894895,0.05939537871439846,0.05989727212966382,-0.0005018934152653601
144.28609845845847,0.05922700202935175,0.059910032932091115,-0.0006830309027393636
144.53746796796798,0.05908195345939763,0.059927773262077794,-0.000845819802680163
144.7888374774775,0.059034976830001785,0.05995761061066178,-0.0009226337806599941
145.04020698698702,0.059221305588616366,0.060003196254851524,-0.0007818906662351577
145.2915764964965,0.05947878427013376,0.060067081504719205,-0.0005882972345854429
145.54294600600602,0.05967965360228369,0.060148587938104466,-0.00046893433582077815
145.79431551551554,0.05983,0.06024617047603817,-0.00041617047603816765
146.04568502502505,0.05993579116774175,0.060365880471000624,-0.00043008930325887096
146.29705453453454,0.0602005673727324,0.06050531183976918,-0.00030474446703677993
146.54842404404405,0.060534917578543145,0.06066201172425954,-0.0001270941457163985
146.79979355355357,0.0607764693607571,0.060839599436603366,-6.313007584626829e-05
147.0511630630631,0.06108614708079427,0.06103988613257857,4.626094821569976e-05
147.3025325725726,0.06122340583158594,0.06126214024348865,-3.873441190271193e-05
147.5539020820821,0.06153123980240636,0.061511267684530795,1.9972117875563522e-05
147.8052715915916,0.06191442556802219,0.06179513686255865,0.00011928870546353693
148.05664110110112,0.06231695044058076,0.062110072587461,0.00020687785311976348
148.30801061061064,0.06275959523935432,0.06244672859020563,0.0003128666491486881
148.55938012012012,0.0631353256807103,0.06280346281913773,0.0003318628615725655
148.81074962962964,0.06353829417885112,0.06317212998981395,0.00036616418903717696
149.06211913913916,0.06390272394653172,0.06355266225614878,0.000350061690382944
149.31348864864867,0.06420500539474915,0.06394145339205536,0.00026355200269378987
149.5648581581582,0.06440565523631078,0.06433798051312146,6.767472318931766e-05
149.81622766766768,0.06457473142768015,0.06473518140673591,-0.00016044997905576008
150.0675971771772,0.06473,0.06513189534124485,-0.00040189534124485116
150.3189666866867,0.06490092238964719,0.06552682644423936,-0.0006259040545921746
150.57033619619622,0.06509506085110224,0.06591100695078386,-0.000815946099681622
150.8217057057057,0.06550327232651373,0.06628452543928776,-0.0007812531127740219
151.07307521521523,0.06595107892234923,0.06664455797144271,-0.0006934790490934761
151.32444472472474,0.06639758425584623,0.06699307980149818,-0.0005954955456519556
151.57581423423426,0.06688184218701472,0.06733538263185435,-0.00045354044483962574
151.82718374374377,0.06750445091919274,0.06767377179763591,-0.000169320878443166
152.07855325325326,0.06815194586543909,0.06799923657101031,0.0001527092944287739
152.32992276276278,0.06861257321392368,0.068310470304517,0.0003021029094066874
152.5812922722723,0.06913906333848654,0.06860690011185114,0.000532163226635407
152.8326617817818,0.06967743257303642,0.06888763608324489,0.000789796489791536
153.0840312912913,0.07010016684581259,0.06914908993833588,0.0009510769074767139
153.3354008008008,0.07036713326985526,0.0693892806377132,0.0009778526321420622
153.58677031031033,0.07062189779232167,0.06961042754485855,0.0010114702474631199
153.83813981981984,0.07083805806792501,0.0698116019746587,0.0010264560932663064
154.08950932932936,0.07082,0.06999820007551216,0.0008217999244878316
154.34087883883885,0.07071,0.07017206738514029,0.0005379326148597097
154.59224834834836,0.0706486050032463,0.07032864877312739,0.0003199562301189063
154.84361785785788,0.07057406016854291,0.0704681910231464,0.00010586914539650882
155.0949873673674,0.07063,0.07059303088732916,3.6969112670842685e-05
155.34635687687688,0.07069936575628882,0.07070463685550168,-5.2710992128612855e-06
155.5977263863864,0.07076949620299162,0.07080277524412554,-3.327904113391289e-05
155.8490958958959,0.0707778000512828,0.07088943020179657,-0.00011163015051376957
156.10046540540543,0.07082046594647876,0.07095965136975133,-0.00013918542327256977
156.35183491491495,0.07082,0.07101678469774603,-0.00019678469774603302
156.60320442442443,0.07088,0.07105907947957754,-0.000179079479577543
156.85457393393395,0.07098,0.07108816724100854,-0.0001081672410085388
157.10594344344346,0.071,0.07110116415687943,-0.0001011641568794408
157.35731295295298,0.07102211781520307,0.0711040451478346,-8.192733263152896e-05
157.60868246246247,0.07096123092042263,0.0710995316222381,-0.00013830070181547471
157.86005197197198,0.07086077676493643,0.07109210916988773,-0.00023133240495129548
158.1114214814815,0.07068,0.07107832825862472,-0.00039832825862470833
158.36279099099102,0.07069,0.07106103203536095,-0.00037103203536094365
158.61416050050053,0.07063967438374331,0.07104384340345381,-0.000404169019710493
158.86553001001002,0.07048640861341499,0.07102223797169968,-0.0005358293582846951
159.11689951951954,0.07046,0.07099794399305694,-0.0005379439930569413
159.36826902902905,0.07061740838868427,0.07097328285584886,-0.0003558744671645908
159.61963853853857,0.0707571636296491,0.07094738761905087,-0.0001902239894017721
159.87100804804805,0.07089430993089559,0.07092035018610547,-2.6040255209885954e-05
160.12237755755757,0.07087,0.07089579367454371,-2.5793674543708733e-05
160.3737470670671,0.07079313444972066,0.07087777614637712,-8.464169665646504e-05
160.6251165765766,0.07071,0.07085587432143682,-0.00014587432143682577
160.87648608608612,0.07081167512169977,0.07082867157950919,-1.6996457809420606e-05
161.1278555955956,0.07099,0.0707979046683261,0.00019209533167389992
161.37922510510512,0.07106383806258253,0.07076361988597084,0.0003002181766116885
161.63059461461464,0.07114575448112814,0.07072536462419239,0.0004203898569357517
161.88196412412415,0.07123,0.07068355294559296,0.0005464470544070399
162.13333363363364,0.07119911543045937,0.07064003598513632,0.0005590794453230463
162.38470314314316,0.07122978159529662,0.07059289357457112,0.0006368880207255068
162.63607265265267,0.07108854477444422,0.07054554526529867,0.0005429995091455475
162.8874421621622,0.07094687779314746,0.07049442295545987,0.00045245483768759087
163.13881167167168,0.07071309347297025,0.07043797598266324,0.0002751174903070086
163.3901811811812,0.07055276892542148,0.07037962508659407,0.0001731438388274109
163.6415506906907,0.07038955082238472,0.07031673371568725,7.28171066974731e-05
163.89292020020022,0.07018392088640361,0.07025182284191253,-6.79019555089172e-05
164.14428970970974,0.06982483025164145,0.07018231397757599,-0.00035748372593454036
164.39565921921923,0.06963099102059181,0.07010420694883457,-0.0004732159282427595
164.64702872872874,0.06953836197952919,0.07001640977934052,-0.0004780477998113375
164.89839823823826,0.0694376294713228,0.06992842079477796,-0.0004907913234551559
165.14976774774777,0.0693869882900652,0.06983778462082398,-0.0004507963307587709
165.40113725725726,0.06943392475726959,0.06974116545787695,-0.0003072407006073641
165.65250676676678,0.06953,0.06964300472538584,-0.00011300472538584849
165.9038762762763,0.06965673733153445,0.06954882894383535,0.00010790838769909883
166.1552457857858,0.06971339670186202,0.06946055456940935,0.00025284213245267695
166.40661529529532,0.06969492342441058,0.06937634765022212,0.00031857577418846483
166.6579848048048,0.06953624772701694,0.06929425923491803,0.0002419884920989157
166.90935431431433,0.06950740843901101,0.06921355498361659,0.0002938534553944272
167.16072382382384,0.06942086553779012,0.06913618707045567,0.00028467846733444546
167.41209333333336,0.06929661089238844,0.06906903173482702,0.0002275791575614139
167.66346284284285,0.06912585782026157,0.06901649138989048,0.00010936643037108562
167.91483235235236,0.06909,0.0689789852144208,0.00011101478557920541
168.16620186186188,0.06907238449390742,0.06895847081114737,0.0001139136827600501
168.4175713713714,0.06901126102938818,0.06895641832292691,5.484270646126388e-05
168.6689408808809,0.06896389502915143,0.06897184792416655,-7.952895015123085e-06
168.9203103903904,0.06883692062396385,0.06900851524492953,-0.0001715946209656788
169.1716798998999,0.06879,0.06905793520401872,-0.0002679352040187155
169.42304940940943,0.06888185776708203,0.06912424588026392,-0.00024238811318189057
169.67441891891895,0.0689438880822666,0.06920876916414444,-0.00026488108187783244
169.92578842842843,0.06906,0.06931726745035975,-0.00025726745035975496
170.17715793793795,0.06913005812613994,0.06944599966006532,-0.00031594153392537627
170.42852744744746,0.06923198987060003,0.06958985134198284,-0.00035786147138280877
170.67989695695698,0.069459552373644,0.06974246318546404,-0.0002829108118200391
170.9312664664665,0.06966984691936891,0.06990763935094164,-0.00023779243157273644
171.18263597597598,0.06977069294035287,0.0700898880551299,-0.00031919511477702944
171.4340054854855,0.06992216410594922,0.0702864138874729,-0.00036424978152369003
171.68537499499502,0.070101638735828,0.07049692888818562,-0.0003952901523576191
171.93674450450453,0.07027769442204478,0.07072287981782674,-0.0004451853957819635
172.18811401401402,0.07050394979913444,0.07096625977234024,-0.0004623099732058017
172.43948352352353,0.0707209344004772,0.07122542500546317,-0.0005044906049859604
172.69085303303305,0.07108125633272505,0.07149839298183888,-0.00041713664911383064
172.94222254254257,0.07142455897987693,0.07177593651274011,-0.00035137753286318407
173.19359205205208,0.07179593206316227,0.07205476745916277,-0.0002588353960004952
173.44496156156157,0.07214172190977107,0.07233942135800217,-0.00019769944823110064
173.69633107107109,0.0724990281772181,0.07262746122581834,-0.00012843304860024607
173.9477005805806,0.07286950654226562,0.07291260513464441,-4.309859237879021e-05
174.19907009009012,0.07320012334660934,0.07319247737227018,7.645974339165473e-06
174.4504395995996,0.07353661350359723,0.07346479233260934,7.18211709878902e-05
174.70180910910912,0.07389114166408893,0.07372920752845935,0.00016193413562957948
174.95317861861864,0.07421487308578892,0.07397980376158131,0.00023506932420760962
175.20454812812815,0.07451036484760629,0.07420939628958141,0.000300968558024875
175.45591763763767,0.07495804973529473,0.0744070768484493,0.0005509728868454272
175.70728714714716,0.07528340605630261,0.07457896021740641,0.0007044458388962005
175.95865665665667,0.07545,0.07472797647438488,0.0007220235256151231
176.2100261661662,0.07543480343330024,0.0748496538011633,0.0005851496321369332
176.4613956756757,0.07547695889278526,0.07494648288638142,0.0005304760064038377
176.7127651851852,0.07559,0.07502114398015776,0.0005688560198422454
176.9641346946947,0.07568899689240743,0.07507240007008491,0.0006165968223225265
177.21550420420422,0.07574,0.07509745319888102,0.0006425468011189844
177.46687371371374,0.07566199394167344,0.07509807737557748,0.0005639165660959594
177.71824322322325,0.07559,0.07506784511214976,0.0005221548878502486
177.96961273273274,0.0755,0.07501311527620222,0.0004868847237977786
178.22098224224226,0.07539194469789355,0.07493543551574067,0.00045650918215288383
178.47235175175177,0.0752049428759238,0.07483421956234108,0.0003707233135827187
178.7237212612613,0.0750489882447503,0.07471264787135055,0.0003363403733997461
178.97509077077078,0.07483,0.07457444513616587,0.0002555548638341204
179.2264602802803,0.074787284238403,0.07442633221804476,0.0003609520203582406
179.4778297897898,0.07464083682107303,0.07427065185471365,0.00037018496635937703
179.72919929929932,0.07437253923218434,0.07410864757094765,0.0002638916612366926
179.98056880880884,0.07401971383703845,0.073941986078176,7.772775886245864e-05
180.23193831831833,0.07372245641240262,0.07377668605090604,-5.4229638503419664e-05
180.48330782782784,0.07332877214819548,0.07361914937815524,-0.000290377229959754
180.73467733733736,0.07302690902725384,0.0734715418554639,-0.00044463282821005645
180.98604684684688,0.0726533939410085,0.07333435771058348,-0.0006809637695749798
181.23741635635636,0.07233389109882829,0.07320818839041988,-0.0008742972915915942
181.48878586586588,0.0721900686260615,0.07309816764658009,-0.0009080990205185824
181.7401553753754,0.07229,0.07300524267839696,-0.0007152426783969684
181.9915248848849,0.07222255790995327,0.07293401713173006,-0.000711459221776789
182.24289439439443,0.07216,0.07288350621665413,-0.000723506216654124
182.4942639039039,0.07220750438615957,0.07285088785733848,-0.0006433834711789127
182.74563341341343,0.07222331195794514,0.07282831719939714,-0.000605005241452003
182.99700292292295,0.07208416460795769,0.07281614283024591,-0.0007319782222882237
183.24837243243246,0.07199014072029274,0.07281875801241182,-0.0008286172921190826
183.49974194194195,0.07213228998446156,0.07283952684124363,-0.0007072368567820758
183.75111145145146,0.07224426743985365,0.0728755053124731,-0.0006312378726194418
184.00248096096098,0.07251235160015508,0.0729238641324022,-0.00041151253224712414
184.2538504704705,0.07266,0.07298517883504829,-0.0003251788350482898
184.50521997998,0.07282520195071923,0.07305428109935505,-0.00022907914863581902
184.7565894894895,0.07305983209206252,0.07312562931782772,-6.579722576520453e-05
185.00795899899902,0.07330154160742784,0.07319230127438624,0.00010924033304160474
185.25932850850853,0.07346982183760893,0.07325427603364072,0.000215545803968209
185.51069801801805,0.0736203725393248,0.073311373247314,0.0003089992920107948
185.76206752752753,0.07375144810051201,0.07336853907891278,0.000382909021599237
186.01343703703705,0.07395307295653934,0.07342054769239056,0.0005325252641487782
186.26480654654657,0.0741669000328178,0.07345950581119964,0.0007073942216181545
186.51617605605608,0.07427291424472704,0.07348026686146858,0.0007926473832584602
186.7675455655656,0.07424,0.0734819772735644,0.0007580227264356032
187.01891507507509,0.07413881561533021,0.07345690994665427,0.0006819056686759445
187.2702845845846,0.07406799130801031,0.0734067979454583,0.0006611933625520067
187.52165409409412,0.07405,0.07333070562278048,0.0007192943772195287
187.77302360360363,0.07387342721334729,0.07322898835329525,0.0006444388600520407
188.02439311311312,0.07366174477875356,0.07310687757925612,0.0005548671994974469
188.27576262262264,0.07348781709007651,0.07297057462182857,0.0005172424682479415
188.52713213213215,0.07327386875828071,0.07281387525874593,0.0004599934995347804
188.77850164164167,0.07301392321062154,0.07263506425312208,0.0003788589574994644
189.02987115115118,0.0728277500820049,0.07243669381926443,0.000391056262740469
189.28124066066067,0.07267678292690409,0.07221623815327852,0.00046054477362557356
189.5326101701702,0.07244735828190116,0.07197137842879889,0.00047597985310227076
189.7839796796797,0.07207603729174647,0.07170553994548913,0.00037049734625733965
190.03534918918922,0.071728511105546,0.07142817119561878,0.0003003399099272136
190.2867186986987,0.07130003243205192,0.07114231995224163,0.00015771247981029302
190.53808820820822,0.07078453003073593,0.07086245055251553,-7.792052177960085e-05
190.78945771771774,0.07035461663373992,0.07058576577486687,-0.00023114914112695728
191.04082722722725,0.07004179099983801,0.07031560300868239,-0.00027381200884438184
191.29219673673677,0.06984700392554073,0.07005740366133749,-0.00021039973579675686
191.54356624624626,0.0696535570106924,0.06981526275643958,-0.00016170574574718433
191.79493575575577,0.06936029548118873,0.06958863803664973,-0.00022834255546100302
192.0463052652653,0.06903127808730564,0.0693791091962159,-0.0003478311089102626
192.2976747747748,0.06874056302601071,0.06919267319581932,-0.0004521101698086033
192.5490442842843,0.06855328246871846,0.06903697097763506,-0.0004836885089165993
192.8004137937938,0.06840705373069031,0.06891839353566416,-0.000511339804973851
193.05178330330332,0.0683,0.06883553094622338,-0.0005355309462233837
193.30315281281284,0.06832413860498958,0.06879086828793282,-0.0004667296829432427
193.55452232232236,0.06835737174570626,0.06878199116532033,-0.0004246194196140668
193.80589183183184,0.06832,0.06881328546508506,-0.0004932854650850499
194.05726134134136,0.0682827642083889,0.06888663040278939,-0.0006038661944004903
194.30863085085088,0.06822,0.0689974037432238,-0.0007774037432237979
194.5600003603604,0.06821,0.0691424021239337,-0.0009324021239336955
194.81136986986988,0.06828344496789496,0.06932056904092603,-0.0010371240730310677
195.0627393793794,0.06846202353975979,0.06952900203547073,-0.0010669784957109407
195.3141088888889,0.06873531849739978,0.0697629413096302,-0.0010276228122304276
195.56547839839843,0.06916395296721903,0.07001963929084386,-0.0008556863236248297
195.81684790790794,0.06961347152093889,0.07029690372592727,-0.0006834322049883851
196.06821741741743,0.07007761567632513,0.07058984893090964,-0.0005122332545845071
196.31958692692695,0.07057095048968211,0.07089011304954382,-0.0003191625598617104
196.57095643643646,0.07106422564641146,0.07119204411499927,-0.0001278184685878092
196.82232594594598,0.07134571722114136,0.07148883146229926,-0.00014311424115789895
197.07369545545546,0.07171475906650294,0.07177497070570654,-6.021163920359729e-05
197.32506496496498,0.07209994474615627,0.07204754128590524,5.240346025103815e-05
197.5764344744745,0.07249084510638906,0.07230725106350869,0.00018359404288037506
197.827803983984,0.07287710221384724,0.07255678329739085,0.0003203189164563969
198.07917349349353,0.07333414052446367,0.0727944928404259,0.0005396476840377751
198.33054300300302,0.0738470463218563,0.07301335575944157,0.0008336905624147378
198.58191251251253,0.07425305239665896,0.0732049601398522,0.0010480922568067569
198.83328202202205,0.07457024542643256,0.07336817251084937,0.001202072915583191
199.08465153153156,0.0747696087106351,0.07349735025808779,0.0012722584525473035
199.33602104104105,0.0749751820007225,0.07359120233616397,0.0013839796645585406
199.58739055055057,0.07498,0.0736434973541276,0.0013365026458724005
199.83876006006008,0.07498,0.07365852058995391,0.0013214794100460947
200.0901295695696,0.07482319634087671,0.07363553044993751,0.0011876658909392018
200.3414990790791,0.07460435301540551,0.07357479652808994,0.0010295564873155638
200.5928685885886,0.07431,0.07347754152401548,0.0008324584759845238
200.84423809809812,0.07398735747389107,0.07334243063191073,0.0006449268419803367
201.09560760760763,0.0736316891350842,0.07317178186347728,0.000459907271606913
201.34697711711715,0.07322022607068933,0.07296856324470224,0.000251662825987084
201.59834662662664,0.07279632663222696,0.07273277006547693,6.355656675002819e-05
201.84971613613615,0.07241891223368771,0.07246688220200077,-4.796996831306355e-05
202.10108564564567,0.07204790862851446,0.07217871623857897,-0.00013080761006450947
202.35245515515518,0.0716570169218874,0.07187558242740597,-0.00021856550551856146
202.6038246646647,0.07127959176753948,0.07156430333216174,-0.00028471156462225866
202.8551941741742,0.07098772208636367,0.07124669674051176,-0.00025897465414809195
203.1065636836837,0.07072068487351689,0.07092191211546878,-0.00020122724195188735
203.35793319319322,0.070408510837512,0.07058728872354278,-0.00017877788603078149
203.60930270270273,0.07013385409643426,0.07025192599832049,-0.00011807190188622974
203.86067221221222,0.06982420032383926,0.06992077104575838,-9.657072191911198e-05
204.11204172172174,0.06942432005538442,0.0695988936944296,-0.00017457363904518908
204.36341123123125,0.06896248063296015,0.06929327719526958,-0.00033079656230942944
204.61478074074077,0.06850665962874987,0.06901147932528617,-0.0005048196965363044
204.86615025025029,0.06816795706632997,0.06876099261531936,-0.0005930355489893874
205.11751975975977,0.06778096952262311,0.0685460137060584,-0.0007650441834352872
205.3688892692693,0.06759288701864134,0.06836537765323232,-0.0007724906345909777
205.6202587787788,0.06743,0.0682162097406642,-0.0007862097406641927
205.87162828828832,0.06749,0.06810468050345846,-0.0006146805034584618
206.1229977977978,0.06754544795383065,0.06802838342537054,-0.00048293547153989425
206.37436730730732,0.06766368194519062,0.06798810696709459,-0.00032442502190396794
206.62573681681684,0.06772462266971177,0.06797988807460431,-0.0002552654048925407
206.87710632632636,0.06775,0.06800323653091078,-0.0002532365309107776
207.12847583583587,0.06779638320737286,0.06805763411996124,-0.0002612509125883844
207.37984534534536,0.06782,0.0681460819930545,-0.0003260819930544917
207.63121485485487,0.06784,0.06826805433609273,-0.00042805433609273413
207.8825843643644,0.06801214034894958,0.06842169078462385,-0.0004095504356742691
208.1339538738739,0.06828631067275402,0.06860279109879905,-0.0003164804260450266
208.3853233833834,0.06857858489660323,0.06880406044082278,-0.00022547554421954719
208.6366928928929,0.06878312969657707,0.06902467566644027,-0.00024154596986319943
208.88806240240243,0.0688982267461351,0.06926272867090923,-0.0003645019247741216
209.13943191191194,0.06911623087092798,0.06951358436254408,-0.0003973534916160981
209.39080142142146,0.06953270745680347,0.06977540130471295,-0.0002426938479094809
209.64217093093094,0.07000165708117241,0.07004784223581217,-4.618515463976347e-05
209.89354044044046,0.07040968549042581,0.07032895413193804,8.07313584877678e-05
210.14490994994998,0.07083123064856259,0.07061608509973963,0.00021514554882295922
210.3962794594595,0.07125511709143216,0.07090862435242729,0.000346492739004875
210.64764896896898,0.07159837417602921,0.07120009936388544,0.0003982748121437729
210.8990184784785,0.07191308789663982,0.07148524614952372,0.00042784174711610334
211.150387987988,0.07219392910344366,0.07176214356806128,0.0004317855353823813
211.40175749749753,0.07237331254276375,0.0720346149649851,0.0003386975777786433
211.65312700700704,0.07263127708907499,0.07230042431461445,0.00033085277446054384
211.90449651651653,0.07299498682574235,0.07256478565568804,0.000430201170054309
212.15586602602605,0.07327178619103782,0.07282706130482482,0.0004447248862129993
212.40723553553556,0.07351372454421638,0.07309292857405517,0.00042079597016121684
212.65860504504508,0.07378617422076522,0.07336048628482124,0.000425687935943983
212.90997455455457,0.07408582777598222,0.07362679814698472,0.00045902962899749267
213.16134406406408,0.07436563799484923,0.07388478586931391,0.0004808521255353221
213.4127135735736,0.07458826969521197,0.07412827678147717,0.00045999291373480244
213.6640830830831,0.0746458914034015,0.07435836586818814,0.00028752553521335655
213.91545259259263,0.07462,0.07456911589985427,5.088410014573996e-05
214.16682210210212,0.07450491653449601,0.0747598871768812,-0.00025497064238519385
214.41819161161163,0.07440728516765885,0.07493313528514961,-0.0005258501174907615
214.66956112112115,0.07451329321005493,0.07509442153050117,-0.0005811283204462392
214.92093063063066,0.07458134411846525,0.07524255496811791,-0.0006612108496526631
215.17230014014015,0.07460959379431702,0.0753746243923617,-0.0007650305980446831
215.42366964964967,0.0747244980726908,0.07548207221822957,-0.0007575741455387724
215.67503915915918,0.07492642240340104,0.07556217421426689,-0.0006357518108658505
215.9264086686687,0.07511822935075728,0.07562133417088965,-0.000503104820132369
216.17777817817822,0.07527472515518609,0.07565987813247235,-0.0003851529772862655
216.4291476876877,0.07550129374563444,0.07567258420683061,-0.00017129046119616909
216.68051719719722,0.07565213784541477,0.07566168478489516,-9.546939480381544e-06
216.93188670670673,0.0758521873857702,0.07562789367001893,0.00022429371575126422
217.18325621621625,0.07607647212798131,0.07557159061866973,0.0005048815093115777
217.43462572572574,0.07626819944201745,0.07549135643822609,0.0007768430037913554
217.68599523523525,0.07633564131487153,0.0753819522323855,0.0009536890824860256
217.93736474474477,0.0763,0.07524160874639302,0.0010583912536069884
218.18873425425429,0.07614656774283095,0.07507522228593486,0.0010713454568960917
218.4401037637638,0.07590094564873658,0.07489233424286877,0.0010086114058678042
218.6914732732733,0.07555279327795363,0.07469125856358468,0.00086153471436895
218.9428427827828,0.07513943203536076,0.07447753559820333,0.0006618964371574304
219.19421229229232,0.07477052093185821,0.07425651251387236,0.0005140084179858506
219.44558180180184,0.07448283581583932,0.07403163632226965,0.0004511994935696706
219.69695131131132,0.0742769738750157,0.07380448556150365,0.0004724883135120428
219.94832082082084,0.07396092793380925,0.07357273374632527,0.00038819418748398116
220.19969033033036,0.07372918009242312,0.07333038815755356,0.00039879193486955233
220.45105983983987,0.0734216680068046,0.07307928768112747,0.0003423803256771274
220.7024293493494,0.0730972927548598,0.0728188152343652,0.00027847752049459107
220.95379885885887,0.07261203942306198,0.07254916107740272,6.287834565925354e-05
221.2051683683684,0.07211097167730805,0.0722754983348754,-0.00016452665756734597
221.4565378778779,0.07153713164946418,0.07200148087242762,-0.00046434922296344217
221.70790738738742,0.07107221916142797,0.07172859613166407,-0.0006563769702361
221.9592768968969,0.07074046080450334,0.07145871312642414,-0.0007182523219207981
222.21064640640643,0.07037132448856942,0.0712001293603815,-0.0008288048718120833
222.46201591591594,0.070056933056572,0.07095477137080924,-0.0008978383142372454
222.71338542542546,0.06989749284780784,0.0707229965297924,-0.0008255036819845574
222.96475493493497,0.0697289510727168,0.07051085506476665,-0.0007819039920498455
223.21612444444446,0.06960069444444442,0.07032155196796464,-0.0007208575235202186
223.46749395395398,0.06943823998386602,0.0701626200694526,-0.0007243800855865901
223.7188634634635,0.0693519049044343,0.07003916647582345,-0.0006872615713891528
223.970232972973,0.06949232905036185,0.06995147200475361,-0.00045914295439176966
224.2216024824825,0.06969003502314668,0.06990144503677763,-0.0002114100136309527
224.472971991992,0.06990412972012165,0.06988644153444239,1.7688185679265445e-05
224.72434150150153,0.07001424911012226,0.06990446142766775,0.00010978768245450965
224.97571101101104,0.07021,0.06995205109329199,0.0002579489067080082
225.22708052052053,0.07028383860344906,0.0700292175666634,0.0002546210367856544
225.47845003003005,0.07029,0.0701322549686339,0.00015774503136610496
225.72981953953956,0.07029,0.07026151437256657,2.8485627433433303e-05
225.98118904904908,0.07030384629343052,0.0704229738070352,-0.00011912751360468321
226.2325585585586,0.07043367036316432,0.07062068833735596,-0.00018701797419164168
226.48392806806808,0.07069943446267142,0.07084637604636858,-0.0001469415836971577
226.7352975775776,0.07089822212711525,0.0710988531758146,-0.00020063104869935677
226.9866670870871,0.07108078195800933,0.07137562719407843,-0.00029484523606909674
227.23803659659663,0.0713211836064093,0.07167579482977089,-0.0003546112233615978
227.48940610610612,0.07167237364979048,0.07199080528233104,-0.0003184316325405556
227.74077561561563,0.07196349867140937,0.07231511738438347,-0.0003516187129740944
227.99214512512515,0.07225049418064147,0.07264196945746226,-0.00039147527682079075
228.24351463463466,0.07266118540632291,0.07296908828503913,-0.00030790287871622357
228.49488414414418,0.07299777729986522,0.07330331685967159,-0.00030553955980637537
228.74625365365367,0.07338290271259856,0.07363575040065536,-0.0002528476880567926
228.99762316316318,0.07385150019378049,0.07396385168132416,-0.00011235148754366875
229.2489926726727,0.0743258746334487,0.07428556658774542,4.0308045703277284e-05
229.50036218218222,0.0747497692394224,0.07459391278844622,0.00015585645097618284
229.7517316916917,0.07508304150432209,0.0748879866444487,0.0001950548598733809
230.00310120120122,0.07537625887469795,0.07516419445688526,0.00021206441781269902
230.25447071071073,0.0757374844695016,0.07542176432548323,0.0003157201440183721
230.50584022022025,0.0760002445735983,0.07566692415529008,0.00033332041830821946
230.75720972972977,0.07631128277243747,0.07590206093623039,0.0004092218362070771
231.00857923923925,0.07661369480905449,0.07612416227782368,0.0004895325312308102
231.25994874874877,0.07696191375504755,0.07632605040632028,0.0006358633487272697
231.51131825825829,0.0771983309039617,0.07650887945345743,0.0006894514505042804
231.7626877677678,0.07745630341436713,0.0766739306948362,0.0007823727195309244
232.0140572772773,0.0777017893351744,0.0768191618082334,0.0008826275269410017
232.2654267867868,0.07777,0.07694544701388051,0.0008245529861194978
232.51679629629632,0.07771,0.07705323446841499,0.0006567655315850157
232.76816580580584,0.07774,0.07714654927857288,0.0005934507214271217
233.01953531531535,0.07782285704806732,0.07722789376479253,0.0005949632832747964
233.27090482482484,0.07784,0.07730075984101692,0.000539240158983087
233.52227433433436,0.07777,0.07736836021275637,0.0004016397872436406
233.77364384384387,0.0777,0.07743497916755565,0.00026502083244435426
234.0250133533534,0.07765511680842162,0.077496363159058,0.00015875364936361602
234.27638286286287,0.07761,0.07755275056528828,5.724943471172028e-05
234.5277523723724,0.07759691794431638,0.07760483607624882,-7.918131932446726e-06
234.7791218818819,0.07732983647257977,0.07765351626565475,-0.00032367979307498795
235.03049139139142,0.07716568985711775,0.07770011359793544,-0.0005344237408176911
235.28186090090094,0.07699,0.07774599387025426,-0.000755993870254254
235.53323041041043,0.0769147530666058,0.07779243838560834,-0.0008776853190025358
235.78459991991994,0.07698,0.0778431038201461,-0.0008631038201460939
236.03596942942946,0.07704413479770321,0.07790105469352084,-0.0008569198958176261
236.28733893893897,0.07712437133260608,0.07796740675174675,-0.0008430354191406725
236.53870844844846,0.07724302502314256,0.07804055985457571,-0.0007975348314331471
236.79007795795798,0.07734370823424994,0.07812517935266979,-0.0007814711184198492
237.0414474674675,0.07741,0.07822300891545253,-0.0008130089154525233
237.292816976977,0.0776009227735695,0.07833345309777777,-0.0007325303242082665
237.54418648648652,0.07795716390891483,0.07845294577193791,-0.0004957818630230842
237.795555995996,0.07840785887098789,0.07858394890213491,-0.00017609003114701927
238.04692550550553,0.07873256878641531,0.07872422864232034,8.340144094967639e-06
238.29829501501504,0.07906617578623756,0.07887532507583994,0.00019085071039762203
238.54966452452456,0.07935851261237488,0.07903751950571408,0.00032099310666079683
238.80103403403405,0.07963714973022376,0.0792059089359595,0.00043124079426426487
239.05240354354356,0.07988985997401536,0.07937635257537376,0.0005135073986416022
239.30377305305308,0.08021658347581245,0.0795505036890365,0.0006660797867759499
239.5551425625626,0.0803782602607359,0.07972943675065627,0.0006488235100796241
239.8065120720721,0.08039712946731478,0.07991092378904205,0.0004862056782727331
240.0578815815816,0.08029,0.08009152339645932,0.00019847660354067875
240.3092510910911,0.08043,0.08026987533071117,0.0001601246692888303
240.56062060060063,0.08052,0.08044559452864003,7.440547135996456e-05
240.81199011011014,0.08058877777728445,0.08061740561785581,-2.8627840571365804e-05
241.06335961961963,0.0807806551203742,0.08078520723081732,-4.552110443117874e-06
241.31472912912915,0.08089433404638184,0.0809396642390053,-4.533019262345506e-05
241.56609863863866,0.08104628370242167,0.08108151527139211,-3.523156897043689e-05
241.81746814814818,0.08130299578751578,0.08120801321825803,9.498256925774551e-05
242.0688376576577,0.08152337047106283,0.08132034729801565,0.00020302317304717044
242.32020716716718,0.0816567161987024,0.08142139284981526,0.0002353233488871509
242.5715766766767,0.0817,0.08151011375124045,0.00018988624875954097
242.82294618618621,0.08178,0.08158644191582688,0.00019355808417312326
243.07431569569573,0.08179408352123328,0.08165054862571458,0.00014353489551870158
243.32568520520522,0.08165276947060304,0.08170135212431227,-4.858265370923098e-05
243.57705471471473,0.08157082426010825,0.08173712994545465,-0.00016630568534639623
243.82842422422425,0.08161721257952273,0.08176066157342854,-0.00014344899390580923
244.07979373373377,0.08166,0.08177754148782507,-0.00011754148782507079
244.33116324324328,0.08169544002130211,0.08179174185684837,-9.630183554626415e-05
244.58253275275277,0.08172,0.08180072610069064,-8.072610069063957e-05
244.83390226226228,0.08174381275259482,0.08180541126210096,-6.159850950614165e-05
245.0852717717718,0.08176,0.08180857038656032,-4.85703865603232e-05
245.33664128128132,0.08176,0.08180494875596409,-4.4948755964085985e-05
245.5880107907908,0.08176,0.08179455939071699,-3.455939071698999e-05
245.83938030030032,0.08175630229253643,0.08177741531122222,-2.1113018685792184e-05
246.09074980980984,0.08174,0.081753529537883,-1.3529537883000264e-05
246.34211931931935,0.08171387416494857,0.0817229150911025,-9.040926153919271e-06
246.59348882882887,0.08168443413190672,0.08168558499128392,-1.15085937719972e-06
246.84485833833835,0.0816445695720363,0.08164155225883048,3.017313205816441e-06
247.09622784784787,0.0816,0.08159082991414535,9.170085854659504e-06
247.3475973573574,0.08154484112500868,0.08153343097763174,1.1410147376933466e-05
247.5989668668669,0.08148269479720979,0.08146936846969285,1.3326327516938186e-05
247.8503363763764,0.0814113719189865,0.08139865541073188,1.27165082546149e-05
248.1017058858859,0.08134197270291874,0.08132130482115202,2.066788176671719e-05
248.35307539539542,0.08126,0.08123732972135649,2.2670278643513453e-05
248.60444490490494,0.08117,0.08114674313174844,2.3256868251567142e-05
248.85581441441445,0.08107654784898252,0.0810495580727311,2.698977625141541e-05
249.10718392392394,0.08096459865684225,0.08094578756470767,1.8811092134571328e-05
249.35855343343346,0.08085343519061466,0.08083544462808134,1.7990562533320986e-05
249.60992294294297,0.08073193891929395,0.08071854228325531,1.3396636038637277e-05
249.8612924524525,0.08059993360309063,0.08059509355063278,4.840052457849575e-06
250.11266196196198,0.08047386300544013,0.08046511145061694,8.751554823188679e-06
250.3640314714715,0.08032856434551848,0.080328609003611,-4.4658092515637016e-08
250.615400980981,0.08017465386491024,0.08018559923001814,-1.0945365107900562e-05
250.86677049049052,0.08001199759605163,0.08003609515024156,-2.409755418993076e-05
251.11814,0.07985,0.07988010978468446,-3.0109784684456686e-05
