time,baseline_raw,baseline
0.0,-0.0001292062673847028,-9.815212464169561e-05
0.2502502502502503,-6.519065928080222e-05,-2.152198196417794e-05
0.5005005005005005,-0.00015159710843878682,5.310755391859546e-05
0.7507507507507508,0.00022369094327952098,0.00012581348084099697
1.001001001001001,0.00031211487804158936,0.00019667279663739895
1.2512512512512513,0.00023607928840654028,0.000265762499142174
1.5015015015015016,0.0002585326409439574,0.0003331595861896943
1.751751751751752,0.0005220061282456489,0.00039894105561433246
2.002002002002002,0.0006556814913069478,0.0004631839052504607
2.2522522522522523,0.00040448388586309953,0.0005259651329324517
2.5025025025025025,0.0005341332524778095,0.0005873617364946775
2.752752752752753,0.0009486875711030379,0.000647450713771511
3.0030030030030033,0.00045595487288664573,0.0007063090625973243
3.2532532532532534,0.001407552642673615,0.0007640137808064897
3.503503503503504,0.00039649970964647583,0.0008206418662333798
3.753753753753754,0.0012043156606992742,0.0008762703167123671
4.004004004004004,0.00039430103017622757,0.0009309761300778238
4.2542542542542545,0.0006916281453367092,0.0009848363041641225
4.504504504504505,0.0015705971126201864,0.0010379278368056355
4.754754754754755,0.000813268556356458,0.0010903277258367352
5.005005005005005,0.0010220781127825754,0.0011421129690917943
5.255255255255256,0.0010223711430826312,0.001193360564405185
5.505505505505506,0.0011851868005883527,0.001244147509611279
5.755755755755756,0.0012443026613246813,0.0012945508025444502
6.0060060060060065,0.0019409376355879718,0.0013446474410390699
6.256256256256257,0.0017823042181939865,0.0013945144229294845
6.506506506506507,0.0012754021627685943,0.0014439446984958755
6.756756756756757,0.001344034907485672,0.0014787074435678531
7.007007007007008,0.0012303784074543347,0.0015255520084705404
7.257257257257258,0.0016230618597769912,0.001588439069572818
7.507507507507508,0.0013586934522581218,0.001648334857067634
7.7577577577577586,0.001811446094522788,0.0017081500155019995
8.008008008008009,0.0015319592753867519,0.001763108468477334
8.258258258258259,0.002387786923820197,0.0018054475709196236
8.508508508508509,0.001088550200616511,0.0018834296653111105
8.75875875875876,0.0022851553105534585,0.0019210297902460688
9.00900900900901,0.0019535278596632746,0.0019837185417662002
9.25925925925926,0.0025151969424649437,0.0020620520893232935
9.50950950950951,0.001858917477091535,0.0021163988087225813
9.75975975975976,0.0016540284745803738,0.0021927162631423043
10.01001001001001,0.002344294234223191,0.002210817588976035
10.260260260260262,0.002664259239582988,0.002273340952043595
10.510510510510512,0.001704223617458304,0.0023009713450302806
10.760760760760762,0.0022278842018915827,0.002337970562103072
11.011011011011012,0.0025778371142274165,0.002398797132294708
11.261261261261263,0.0024365285459440073,0.002441755474026459
11.511511511511513,0.0032158140313275447,0.0024848875888050757
11.761761761761763,0.0026387131455055425,0.002511843671775837
12.012012012012013,0.0022921803470339758,0.0025700192500243196
12.262262262262263,0.002742530275725411,0.002620580750166751
12.512512512512513,0.002633677418341811,0.0027029116961005536
12.762762762762764,0.0028355671863629995,0.002773778508004296
13.013013013013014,0.0034281432749125535,0.0028340558119403785
13.263263263263264,0.002946133064022562,0.0028683856545724633
13.513513513513514,0.0027276444345164007,0.0029206818113475938
13.763763763763764,0.00288735620432903,0.002969345268896739
14.014014014014016,0.002769583761459195,0.003007828300408244
14.264264264264266,0.0028873900432070903,0.003054908880742325
14.514514514514516,0.0035979603240540036,0.003082499657033707
14.764764764764767,0.0025237911022506334,0.003151933440373636
15.015015015015017,0.003615579170482902,0.003184317996427123
15.265265265265267,0.0028678861907011468,0.0032395857679778845
15.515515515515517,0.00266755376403184,0.0032955542825882094
15.765765765765767,0.0028828733577654815,0.0033363180315875035
16.016016016016017,0.003049593390669852,0.0033929807922573104
16.266266266266268,0.004066965904730324,0.0034136117923214103
16.516516516516518,0.003414555954123817,0.003476106718588859
16.766766766766768,0.003786031056987977,0.003549247067470356
17.017017017017018,0.0037193660302380746,0.0035765069995164728
17.26726726726727,0.0038419368417682374,0.003637634028215022
17.51751751751752,0.0037365788448199275,0.003682209620129258
17.76776776776777,0.003917606171667421,0.00373138452486812
18.01801801801802,0.004518610973251883,0.0038052812637257407
18.26826826826827,0.0036387257264171168,0.0038543440076852144
18.51851851851852,0.003914181370403764,0.0038968011096711403
18.76876876876877,0.003536714906842248,0.003952927467080583
19.01901901901902,0.0037972250118106744,0.003985617165114304
19.26926926926927,0.003606071052445337,0.004024614348775504
19.51951951951952,0.004520629344934966,0.004099312784481395
19.76976976976977,0.0037509551447942346,0.0041461865414172796
20.02002002002002,0.004195304938812208,0.004184165213211953
20.270270270270274,0.004245569211232486,0.004234399830006244
20.520520520520524,0.004392522342578413,0.004283782597175645
20.770770770770774,0.004810995951964171,0.004315444780495002
21.021021021021024,0.004310680438027056,0.00437344220173432
21.271271271271274,0.0042104863501081,0.004411133460676706
21.521521521521525,0.004567365415619929,0.00446929078351877
21.771771771771775,0.004214847835551629,0.004505618442708764
22.022022022022025,0.0053788689113998134,0.004500850402368588
22.272272272272275,0.004242999881061688,0.0045393608365143796
22.522522522522525,0.005197090652707097,0.004581187198325298
22.772772772772775,0.00444843109872088,0.004644768730220097
23.023023023023026,0.0043906163996518316,0.004704479288559375
23.273273273273276,0.004939488047883708,0.004755400191799307
23.523523523523526,0.004183254969044306,0.004801297484917065
23.773773773773776,0.005041386227094621,0.004857875144714624
24.024024024024026,0.004748706557482177,0.004896604504764638
24.274274274274276,0.004707040593145126,0.004939667807535053
24.524524524524526,0.005022544790645665,0.005028299572234653
24.774774774774777,0.004857295508347684,0.005076475665405628
25.025025025025027,0.004767783602901641,0.005141726603823016
25.275275275275277,0.005451852486787272,0.005192913761089274
25.525525525525527,0.005498163526524413,0.005235838962416808
25.775775775775777,0.004947562979271375,0.005287512518673533
26.026026026026027,0.005470417271326973,0.005331498738283641
26.276276276276278,0.0055906773052761295,0.005375633296424652
26.526526526526528,0.005331455469466063,0.005439258230363242
26.776776776776778,0.005184308512098179,0.005498818204607289
27.027027027027028,0.005879125166692286,0.005550583825726368
27.27727727727728,0.005792076434312784,0.0056340890655205075
27.52752752752753,0.005400831939722199,0.00567888008529892
27.77777777777778,0.005772326358083708,0.005731208029376634
28.028028028028032,0.005792278478978724,0.005780007807902591
28.278278278278282,0.007018889892039878,0.0058369780032236475
28.528528528528533,0.005769268662930814,0.0059288932157101825
28.778778778778783,0.005711951547745515,0.005967640040302734
29.029029029029033,0.005998583199087665,0.006058618727459772
29.279279279279283,0.005481741039062327,0.0061049294218132565
29.529529529529533,0.006124340412994625,0.006146929908535744
29.779779779779783,0.006292416192410067,0.006225592148111454
30.030030030030034,0.0061013175271455505,0.006257842127021775
30.280280280280284,0.006669808623456042,0.006303203706647351
30.530530530530534,0.006829507388291502,0.006338776680128973
30.780780780780784,0.006001358465212865,0.006385499616931128
31.031031031031034,0.006538835888086732,0.006433006967547179
31.281281281281284,0.006223475668900846,0.006461638755018681
31.531531531531535,0.006254322142965695,0.006491558541713377
31.781781781781785,0.006745402901538118,0.006534244958269833
32.032032032032035,0.006186189783185848,0.006591383030435807
32.28228228228229,0.007404824273387358,0.006614380310309674
32.532532532532535,0.006717887581561311,0.006660568361664463
32.78278278278279,0.006441011800054217,0.006700588791865877
33.033033033033036,0.006586123203762728,0.006733800558900704
33.28328328328329,0.007011358761527172,0.006753468694620898
33.533533533533536,0.006384621729673724,0.0067769393077930845
33.78378378378379,0.007226282536577113,0.0068138955749279684
34.034034034034036,0.006867704414049091,0.00683488500807432
34.28428428428429,0.007358637550101568,0.006866657988582827
34.53453453453454,0.006707268031560005,0.006901485083969632
34.78478478478479,0.0066572416871332205,0.006975494982562254
35.03503503503504,0.007347233120574456,0.007025855091799095
35.28528528528529,0.0065003841624710875,0.00706545910938445
35.53553553553554,0.0072315196652694815,0.007097019033829291
35.78578578578579,0.007260736470010638,0.007110311385404076
36.03603603603604,0.006459428968470047,0.0071240622916953645
36.28628628628629,0.00712109698274131,0.0071689667985390905
36.53653653653654,0.0074670710330610925,0.007178586898288593
36.78678678678679,0.007512875696235242,0.007228051047867374
37.03703703703704,0.007001017851698557,0.007274644014549505
37.28728728728729,0.007173386880384411,0.007296494840974461
37.53753753753754,0.007586325079926515,0.007327005435852551
37.78778778778779,0.007364951586852227,0.007352429767787531
38.03803803803804,0.007564476553819796,0.007387891220888939
38.28828828828829,0.007098326788290034,0.007430954046661541
38.53853853853854,0.007625431269130196,0.007464568357100515
38.78878878878879,0.007278566775651891,0.007515773742168093
39.03903903903904,0.007566759422186284,0.0075574164729955194
39.28928928928929,0.007489014501178479,0.007594252130989417
39.53953953953954,0.007709074976865396,0.0076428966916750945
39.78978978978979,0.008296807098218631,0.007701647752518975
40.04004004004004,0.00782715927911336,0.007709313067725335
40.290290290290294,0.007955032978510173,0.007766386461352015
40.54054054054055,0.007927953646461735,0.007822015610741515
40.790790790790794,0.007819632189567542,0.007888853142280577
41.04104104104105,0.007786885790779225,0.007936846338233218
41.291291291291294,0.007352152009090023,0.007978619508630571
41.54154154154155,0.007505516837828388,0.008047034236414955
41.791791791791795,0.007981173483484372,0.008058791842774663
42.04204204204205,0.008011373492578421,0.008114187886238074
42.292292292292295,0.008622382137090642,0.0081602983201118
42.54254254254255,0.00775421627913518,0.008200952925600934
42.792792792792795,0.008778951780329992,0.00823742969504833
43.04304304304305,0.008065530610375323,0.00829449363307826
43.293293293293296,0.008414982395036328,0.008350195729330118
43.54354354354355,0.008480377627961543,0.008389593701845917
43.793793793793796,0.00876708072720494,0.008432697912807098
44.04404404404405,0.008691833536545186,0.008480548265393732
44.294294294294296,0.008364418849969345,0.008534781800725507
44.54454454454455,0.008606226323415726,0.008589534781356541
44.7947947947948,0.008353172600086289,0.008627655552664504
45.04504504504505,0.009053801868083432,0.008676206222350479
45.2952952952953,0.008857203327185155,0.008720100453824523
45.54554554554555,0.008771275158178448,0.008751428482326025
45.7957957957958,0.008476560694626132,0.008793066498281158
46.04604604604605,0.008538108032723611,0.008842820351091699
46.2962962962963,0.009709405225944432,0.008892952093843722
46.54654654654655,0.008984605884401028,0.00892239704699245
46.7967967967968,0.008718780798961698,0.008986831509581796
47.04704704704705,0.008860537539032026,0.009039535005784636
47.2972972972973,0.008864946706928984,0.00908416924623424
47.54754754754755,0.008968522322466801,0.009131836731283694
47.7977977977978,0.008730857863674982,0.009154215755038619
48.04804804804805,0.009836596382487463,0.009178688571602834
48.298298298298306,0.0091249895491415,0.009226090657625025
48.54854854854855,0.00953425277737557,0.009274093348288047
48.798798798798806,0.00886487310817936,0.009320367938897001
49.04904904904905,0.009588364365213788,0.009324257125207559
49.29929929929931,0.009277361309992151,0.009366520217798805
49.54954954954955,0.009417292920064196,0.009377697727507798
49.79979979979981,0.009463678896691311,0.00941335834742038
50.050050050050054,0.009469562525415358,0.009447492310160345
50.30030030030031,0.009748266280999614,0.0094905400583918
50.550550550550554,0.009325248545103634,0.009542466888236154
50.80080080080081,0.009478133111799784,0.009568296844454852
51.051051051051054,0.009525044654024744,0.009599638806809349
51.30130130130131,0.009653086220110518,0.00961355527384115
51.551551551551555,0.00940883421843762,0.00964090717089276
51.80180180180181,0.010087998535712949,0.00967548301301823
52.052052052052055,0.009651385679823446,0.009712482715435252
52.30230230230231,0.00952960626996784,0.009736457041809997
52.552552552552555,0.010151548885713707,0.009772762504842873
52.80280280280281,0.010524166231486496,0.009835513305744439
53.053053053053056,0.009489715147210913,0.009862671626280111
53.30330330330331,0.009811046753804752,0.00988576114874939
53.553553553553556,0.009943845244355522,0.009899079273251891
53.80380380380381,0.009739044358286729,0.009915610540214784
54.054054054054056,0.010040225534536184,0.009920563763951515
54.30430430430431,0.009977234368481972,0.009943028342992684
54.55455455455456,0.00952279952906376,0.009984818758225362
54.80480480480481,0.009356064584396452,0.010017708309969266
55.05505505505506,0.009942462140893105,0.010049332651937592
55.30530530530531,0.010503705269899355,0.010073446830452745
55.55555555555556,0.010246529059107974,0.010104745600964395
55.80580580580581,0.010635880600786924,0.010140194227901484
56.056056056056065,0.010140306727409443,0.010172870630415427
56.30630630630631,0.010229176662205222,0.0102034074611461
56.556556556556565,0.010213970135223897,0.010241534947152813
56.80680680680681,0.0098061989896466,0.010294296325303043
57.057057057057065,0.010290424809119998,0.01033285610142215
57.30730730730731,0.010298275847726659,0.010362314651655106
57.557557557557566,0.010604820597757794,0.010387570881463101
57.80780780780781,0.0109057234255732,0.010414534939275244
58.058058058058066,0.010549457310537424,0.01043951848270019
58.30830830830831,0.010373790870785389,0.010482284331160326
58.558558558558566,0.01045370552376157,0.01052553779656359
58.80880880880881,0.00995181793095699,0.010528809759778922
59.05905905905907,0.010162940805418061,0.010579003019312947
59.30930930930931,0.010691729715129918,0.010644880030861982
59.55955955955957,0.010538545165845077,0.01067633376699491
59.80980980980981,0.01098907539103551,0.010725426663733585
60.06006006006007,0.01089534451632998,0.01077654269395373
60.310310310310314,0.011440935265875765,0.010800125429056886
60.56056056056057,0.010598967249748941,0.01083932065926996
60.810810810810814,0.011073593425206581,0.010886598164452635
61.06106106106107,0.010728646804625045,0.010921857421986474
61.311311311311314,0.011218224741042487,0.010939269352988144
61.56156156156157,0.010810298639227651,0.010982441988084308
61.811811811811815,0.011295461236537168,0.011038429008846636
62.06206206206207,0.010883306609384552,0.011075072562724683
62.312312312312315,0.011109269151807197,0.011121515498188995
62.56256256256257,0.011262602836841034,0.011164390280172617
62.812812812812815,0.011029372423262122,0.011198246886902491
63.06306306306307,0.010801143887198682,0.011236209537273318
63.313313313313316,0.010803559214165674,0.01124764860692545
63.56356356356357,0.011211504275501369,0.011272073915748613
63.813813813813816,0.011413453306468598,0.01129171997341655
64.06406406406407,0.011530151725860725,0.011310475994286494
64.31431431431432,0.011369403354446746,0.01134085004944652
64.56456456456458,0.011485882237487515,0.011373339795008059
64.81481481481482,0.011054551791311183,0.01139308422187703
65.06506506506507,0.012325466752149912,0.011398798478853292
65.31531531531532,0.011464294576972893,0.011387547515043065
65.56556556556558,0.01140940717013313,0.011386549141798086
65.81581581581582,0.011584816494329638,0.011385057818557058
66.06606606606607,0.01125139408418406,0.011402013836036918
66.31631631631632,0.011259939755877576,0.011409586371427515
66.56656656656658,0.011986737021540083,0.011421990804256666
66.81681681681683,0.011803541930581774,0.011458502438117874
67.06706706706707,0.011470495100615818,0.011464451943551527
67.31731731731732,0.01131715896809106,0.011483954242644177
67.56756756756758,0.011585694740985846,0.011485511446779607
67.81781781781783,0.011136666376687355,0.011512109550670382
68.06806806806807,0.011162687441136068,0.011513603899393128
68.31831831831832,0.0115218220299193,0.01151309754761938
68.56856856856858,0.0115848682286847,0.011517828278081501
68.81881881881883,0.011162971046718297,0.011530568037109489
69.06906906906907,0.011449211907650726,0.01154483943673303
69.31931931931932,0.011187067006398474,0.011544637792056367
69.56956956956958,0.011528707593013745,0.01156261094939778
69.81981981981983,0.011443511649107778,0.011562642150046048
70.07007007007007,0.011522310663418859,0.01158530043856044
70.32032032032032,0.01182694402443763,0.011607894358038783
70.57057057057058,0.011777271911725638,0.011622840223247586
70.82082082082083,0.011331731236604106,0.011645586712266773
71.07107107107107,0.011483344774981342,0.011662230787899621
71.32132132132132,0.01197954369638334,0.011676227219779362
71.57157157157158,0.011989918746983493,0.01171940198999975
71.82182182182183,0.0117222003612459,0.01172820687940583
72.07207207207207,0.012218904182779777,0.011756443550568358
72.32232232232234,0.011384085884504493,0.01178747980560682
72.57257257257258,0.012107280090655339,0.011806947522584554
72.82282282282283,0.011879526387172901,0.0118282243512226
73.07307307307308,0.011628017139309159,0.011858062819221046
73.32332332332334,0.011802629997592896,0.011897771445927166
73.57357357357358,0.011768232992126513,0.011932795776018123
73.82382382382383,0.012008583993517386,0.011970823027704943
74.07407407407408,0.011617085254871984,0.012003301737235407
74.32432432432434,0.012033860055168488,0.012019797019964163
74.57457457457458,0.012661565103514849,0.012040342745290577
74.82482482482483,0.012155357220667533,0.012074640552835783
75.07507507507508,0.012111618780826953,0.012099179367498866
75.32532532532534,0.01225366431755675,0.012115924055647993
75.57557557557558,0.01258178867664208,0.012123492867009813
75.82582582582583,0.011697720614970045,0.012117551577341148
76.07607607607608,0.012201381081051312,0.012113945736551572
76.32632632632634,0.011773325059201614,0.012135641928844577
76.57657657657658,0.011937342428974637,0.012147377784331599
76.82682682682683,0.012357228025935973,0.012167367283775685
77.07707707707708,0.011968855217263756,0.012180087968432686
77.32732732732734,0.012315598880337297,0.012194400183792056
77.57757757757759,0.011959438468736795,0.012204562751974332
77.82782782782783,0.012301380827947656,0.01222510640622348
78.07807807807808,0.01278455882634888,0.012261222795782642
78.32832832832834,0.012135859907303887,0.012265939510906694
78.57857857857859,0.012233054258553906,0.012295014076839944
78.82882882882883,0.01230408497301404,0.012280822408538415
79.07907907907908,0.01222316813329851,0.012286921622931154
79.32932932932934,0.012738861628547565,0.012292346474745652
79.57957957957959,0.012361141020884623,0.012303765578472518
79.82982982982983,0.012221105205293473,0.012316926634789857
80.08008008008008,0.01190219254920555,0.012310871448819625
80.33033033033034,0.012310289666030035,0.01230725497292224
80.58058058058059,0.01237752868720133,0.012306296479916391
80.83083083083083,0.012177382952269018,0.012319538808007648
81.0810810810811,0.01197198128162617,0.012351218214080636
81.33133133133134,0.012318440384898077,0.012366990789654368
81.58158158158159,0.012083596144072966,0.012381003985097406
81.83183183183183,0.012612079384898292,0.012388401425621871
82.0820820820821,0.012802754472323612,0.012401910708752956
82.33233233233234,0.013104033448350514,0.012399421917767859
82.58258258258259,0.012149731156303231,0.01242317500950246
82.83283283283284,0.012487385418829561,0.012426224676554319
83.0830830830831,0.012498155966619805,0.012423863838866494
83.33333333333334,0.01272321713984483,0.01245062692223148
83.58358358358359,0.012163925806545593,0.012459477982405945
83.83383383383384,0.012321846066673805,0.012483331115147153
84.0840840840841,0.012413550720358522,0.012479984707476514
84.33433433433434,0.011842972431742562,0.01251723509422257
84.58458458458459,0.01257719928589581,0.012529505719476272
84.83483483483484,0.012242258509772036,0.012561819372753236
85.0850850850851,0.012860671143910915,0.01257813884134502
85.33533533533534,0.012929409833818996,0.012600291769175853
85.58558558558559,0.012792799668212037,0.012592982766681636
85.83583583583584,0.012290158580339884,0.012617350532416569
86.0860860860861,0.012296518977702819,0.012624964922605538
86.33633633633634,0.012870395974583797,0.01265109344463607
86.58658658658659,0.01307324038136169,0.012645468424831104
86.83683683683684,0.012586042791150063,0.012635261099002077
87.0870870870871,0.012450271672933857,0.012645518357941312
87.33733733733735,0.012469523090868406,0.012655764063665404
87.58758758758759,0.012540232102354644,0.01263571801305267
87.83783783783784,0.012544867156023688,0.01262584619626815
88.0880880880881,0.01294572424520012,0.012614388574857721
88.33833833833835,0.0132070300265372,0.012618985221895805
88.58858858858859,0.012945832093248047,0.012643158605092065
88.83883883883885,0.012528565899219007,0.012665786136931513
89.0890890890891,0.012755909206442505,0.012667651808234197
89.33933933933935,0.013077710266339398,0.012664954845977978
89.5895895895896,0.012510027559217164,0.012676483135206732
89.83983983983985,0.012691286914606555,0.01269570961220729
90.0900900900901,0.012480360053941564,0.012700495530122013
90.34034034034035,0.013026481623048362,0.01271227623110543
90.5905905905906,0.01190900994581702,0.012723133159227518
90.84084084084085,0.013260425427800374,0.012703038970314214
91.0910910910911,0.011938061716155104,0.012720102753267522
91.34134134134135,0.012450508535753722,0.012716082965074201
91.5915915915916,0.012242015848496294,0.012730331577758517
91.84184184184186,0.013144396538808714,0.012733414493703979
92.0920920920921,0.01264779592360375,0.012735262160947712
92.34234234234235,0.012887118928910122,0.012738548487201802
92.5925925925926,0.012057182228537803,0.012725978094329817
92.84284284284286,0.012687782096714966,0.012740608521225435
93.0930930930931,0.013243885739387392,0.01273729032050866
93.34334334334335,0.012646054106947573,0.01271630795034685
93.5935935935936,0.01237423187907775,0.012728824088654457
93.84384384384386,0.013128769450387044,0.012731911941017601
94.0940940940941,0.013144906971235482,0.012731258825049725
94.34434434434435,0.01296678116350872,0.012713845708899364
94.5945945945946,0.01295820537916984,0.012697052811773326
94.84484484484486,0.012516124702851298,0.012717547995274778
95.0950950950951,0.01294953140180046,0.012722947915844315
95.34534534534535,0.012737122337362038,0.012699287134988408
95.5955955955956,0.01323068678485788,0.012695303038672561
95.84584584584586,0.012795076763651261,0.012706352536056856
96.0960960960961,0.0127706146567121,0.01271513060432911
96.34634634634635,0.012665943268238826,0.01272379536972067
96.59659659659661,0.012481042458630687,0.012716278815347004
96.84684684684686,0.012505639768832916,0.012716623038399533
97.0970970970971,0.012876058879898048,0.01271630540346752
97.34734734734735,0.012225097496585161,0.012737404664890683
97.59759759759761,0.012480667334804752,0.012701749259549153
97.84784784784786,0.012399736186434966,0.01267755745836056
98.0980980980981,0.012875411917250435,0.012673167298284
98.34834834834835,0.01284691425845481,0.01265653799062305
98.59859859859861,0.012236372175792022,0.01264270098862569
98.84884884884886,0.012653577482820028,0.012641623359283864
99.0990990990991,0.012233714455546624,0.012610281848244793
99.34934934934935,0.013096160691353139,0.012614353454473707
99.59959959959961,0.013339058686884724,0.012638325963240386
99.84984984984986,0.012029476800256109,0.012645639140107143
100.10010010010011,0.012210247998917538,0.012622167835406555
100.35035035035035,0.012285700276837981,0.012635184439466086
100.60060060060061,0.01280336501277489,0.0126583776433905
100.85085085085086,0.013261740550439594,0.012666837770791113
101.10110110110111,0.012357358276332043,0.012669608531128192
101.35135135135135,0.012651514804111875,0.012668097833549948
101.60160160160162,0.013289696907927674,0.012696777737405511
101.85185185185186,0.012924011316344028,0.0126928337402398
102.10210210210211,0.012816147627784276,0.012719500309738199
102.35235235235236,0.012324200467802037,0.012691411055777311
102.60260260260262,0.012434387348014525,0.012693619499324987
102.85285285285286,0.01273594853775584,0.012693912446528578
103.10310310310311,0.013073613148564794,0.012707126579862903
103.35335335335336,0.011898146854494532,0.012704935189848067
103.60360360360362,0.012400939104406834,0.012715199406306197
103.85385385385386,0.012994238283710281,0.01270913036634379
104.10410410410411,0.013092105665432622,0.01268021930585844
104.35435435435437,0.012126566348193844,0.012671830994295852
104.60460460460462,0.013462051620511072,0.012664605823193753
104.85485485485486,0.013013449641138387,0.012664881001630837
105.10510510510511,0.012878102305925402,0.012629878448009536
105.35535535535537,0.013079427572496895,0.012607247534836018
105.60560560560562,0.012447364772077876,0.01257883696683329
105.85585585585586,0.012308733770087727,0.012600545103089635
106.10610610610611,0.012236959447154055,0.01262489042254398
106.35635635635637,0.012950450531179988,0.012599259035320567
106.60660660660662,0.012478206482431345,0.012581540409444428
106.85685685685687,0.01216196411917483,0.0125563070295802
107.10710710710711,0.012487770372754371,0.012548955111864768
107.35735735735737,0.012716471163839886,0.012541639024076243
107.60760760760762,0.012414598772498838,0.012540758663578322
107.85785785785787,0.011723459980523189,0.012523104747292103
108.10810810810811,0.012559169948728185,0.012520161125173191
108.35835835835837,0.012016674845575323,0.01251641354334237
108.60860860860862,0.013548035945691726,0.012498120832614836
108.85885885885887,0.012617842370135267,0.01246876327564173
109.10910910910911,0.01259367884334991,0.01243950140813647
109.35935935935937,0.011887573772885083,0.012437412690588673
109.60960960960962,0.012311669292314517,0.012441268127572838
109.85985985985987,0.012209562730824429,0.012405450445980137
110.11011011011011,0.012009232259523921,0.01237141319909565
110.36036036036037,0.012973596374799981,0.012362133715387497
110.61061061061062,0.012160842930274921,0.012356911545057095
110.86086086086087,0.012560428907083542,0.012309238111324205
111.11111111111111,0.012301076109569802,0.012325854100302238
111.36136136136138,0.012881655683677683,0.012316835605447163
111.61161161161162,0.012912015098867732,0.012298892284572713
111.86186186186187,0.012700079766441868,0.012312470960706614
112.11211211211213,0.011809025101742197,0.012295440467003106
112.36236236236238,0.01195135848808081,0.01225643446726486
112.61261261261262,0.012275122926390632,0.012235790103944207
112.86286286286287,0.012023286370338355,0.01222205713780442
113.11311311311313,0.012208648750605735,0.012210128997753974
113.36336336336338,0.012035904612416007,0.012185175742594432
113.61361361361362,0.01254228745608477,0.012158730664807152
113.86386386386387,0.011365466575967657,0.012146691430741147
114.11411411411413,0.012075540063901184,0.012126257997054708
114.36436436436438,0.012244932011891332,0.012075255103369313
114.61461461461462,0.011959207594717861,0.01206669702203345
114.86486486486487,0.012370031227332271,0.01203517877263571
115.11511511511513,0.012252318723354388,0.012050611760643
115.36536536536538,0.012316734555636543,0.012043755122100472
115.61561561561562,0.011636349412909582,0.012037675365240677
115.86586586586587,0.011724075492823447,0.012014629810769914
116.11611611611613,0.011786832753256971,0.011997600525126275
116.36636636636638,0.012095191535706606,0.011950330797077337
116.61661661661662,0.011829562503835902,0.01191611407699519
116.86686686686687,0.011819157877758443,0.011922568744416271
117.11711711711713,0.012290559927381409,0.011876969402542811
117.36736736736738,0.01144616835234447,0.011855007031818618
117.61761761761763,0.011930356214664747,0.011844065383674492
117.86786786786787,0.012185341736330707,0.011836243166794679
118.11811811811813,0.011363394474445421,0.011832946739977715
118.36836836836838,0.011739876024963018,0.011835104206196023
118.61861861861863,0.012343258042380057,0.01180383281360901
118.86886886886887,0.011614151685488456,0.011784406899771754
119.11911911911913,0.012102081819823291,0.011758831838757325
119.36936936936938,0.011606601350344546,0.011744124481762163
119.61961961961963,0.011655263555254845,0.011726191210547653
119.86986986986987,0.011998502551146636,0.011717205662784147
120.12012012012013,0.011775989190201203,0.011711635664591942
120.37037037037038,0.011773145475397838,0.011660990873487348
120.62062062062063,0.012068505227471445,0.01164030743035929
120.87087087087089,0.011391959671943513,0.01161798568471689
121.12112112112113,0.01153821347957103,0.011601383395000909
121.37137137137138,0.011501569897930369,0.011584434274781827
121.62162162162163,0.01141054518494946,0.011563424577462737
121.87187187187189,0.011344884448250329,0.011553321161647614
122.12212212212214,0.011106643742074068,0.01155062833693151
122.37237237237238,0.011182759260581342,0.011530145192475787
122.62262262262263,0.012097773827894174,0.011519352007629382
122.87287287287289,0.011445176554304388,0.011496195247733801
123.12312312312314,0.010992832764848557,0.011483191661415714
123.37337337337338,0.0119869610283974,0.011461459599961334
123.62362362362363,0.011655550188361403,0.011466375050655729
123.87387387387389,0.011018430861157736,0.011425920700632057
124.12412412412414,0.011516518502296654,0.011399107796984328
124.37437437437438,0.011537783974807888,0.01141357807446258
124.62462462462463,0.011252253576261487,0.0113776997028535
124.87487487487489,0.0115045117381153,0.011361384163053762
125.12512512512514,0.011178635204158951,0.011348137786580385
125.37537537537538,0.011715850766814456,0.01132452187575855
125.62562562562563,0.011105260747359414,0.011328753588427224
125.87587587587589,0.011376568949813808,0.011308059855357743
126.12612612612614,0.010861199804633515,0.011295194942816444
126.37637637637638,0.011240685095229436,0.011292189035758323
126.62662662662663,0.011595551337713936,0.011278239964495814
126.87687687687689,0.01124929170975746,0.01126643470195331
127.12712712712714,0.011517328598551504,0.011268756496181016
127.37737737737739,0.011056378405341238,0.011270134503783062
127.62762762762763,0.011516522604196642,0.011255730448883717
127.87787787787789,0.011669060400245432,0.011244240722835704
128.12812812812814,0.011493848911762236,0.01122687228601829
128.3783783783784,0.010526543039399483,0.011210414804349849
128.62862862862863,0.011092144503007169,0.011183579695522175
128.87887887887888,0.01074274647668573,0.011160119610231861
129.12912912912915,0.011466855888380907,0.011163895423080803
129.3793793793794,0.010876419593076466,0.011128024715681431
129.62962962962965,0.01112787683895706,0.011064119652857455
129.8798798798799,0.010695687927283447,0.011046938574412342
130.13013013013014,0.011388107637249421,0.011024835457478623
130.3803803803804,0.011449351674139279,0.010982189219176871
130.63063063063063,0.01031633693785566,0.010952938322308375
130.88088088088088,0.011138386365758625,0.010922286526560293
131.13113113113116,0.010796069972115617,0.01089141052985547
131.3813813813814,0.011364488028745033,0.010875868444350746
131.63163163163165,0.011078408567540818,0.010821696494043952
131.8818818818819,0.010622954076640913,0.01080537006456836
132.13213213213214,0.010971657941035624,0.010782938503877125
132.3823823823824,0.010726417473334325,0.010749127250366324
132.63263263263264,0.010728685301656767,0.010720028400702197
132.88288288288288,0.010909189337098023,0.01067128561139941
133.13313313313316,0.010863950274339855,0.01064365840570893
133.3833833833834,0.010729010179834592,0.010616719562404602
133.63363363363365,0.010023379722287035,0.010586178357286997
133.8838838838839,0.010587946413103209,0.010565033587604172
134.13413413413414,0.010390275648046423,0.010541514768437623
134.3843843843844,0.010415179110335649,0.010521483996155519
134.63463463463464,0.010210177497156353,0.010504762928804014
134.88488488488488,0.010169925760077903,0.010450077560921645
135.13513513513516,0.009943474693670167,0.010409901573697432
135.3853853853854,0.00981998967062628,0.01035152006191875
135.63563563563565,0.010490856025492643,0.010322707414788888
135.8858858858859,0.010981534533426525,0.010275688022872473
136.13613613613614,0.010434189146286067,0.010259598547315578
136.3863863863864,0.01032283964235234,0.010215988736124587
136.63663663663664,0.010341260172989218,0.01020685558519141
136.8868868868869,0.010338537413864776,0.010200235647053872
137.13713713713716,0.010428505595270955,0.010156334989592248
137.3873873873874,0.010134530271120226,0.01014861915828504
137.63763763763765,0.009794724683435091,0.010130450354618454
137.8878878878879,0.010772869158654505,0.010112536017182247
138.13813813813815,0.010075128408878434,0.010092167251283262
138.3883883883884,0.009609820354748083,0.010053122216407742
138.63863863863864,0.01019507639157513,0.010023614800352385
138.8888888888889,0.009414731702565692,0.01000451109233923
139.13913913913916,0.010368998033481201,0.009979951221262714
139.3893893893894,0.010059745218349727,0.009968347303817921
139.63963963963965,0.009687158861110306,0.00994926412722884
139.8898898898899,0.010080563235513873,0.009950654087149582
140.14014014014015,0.009254554992309576,0.00993329007140318
140.3903903903904,0.009727513625429576,0.009921138206099476
140.64064064064064,0.009823636252569403,0.00987301076036757
140.89089089089092,0.009597247861124453,0.009842060714331543
141.14114114114116,0.009885550834400406,0.009795847468558605
141.3913913913914,0.00992742015949794,0.009755946088653305
141.64164164164166,0.010225682660359548,0.009707524031837311
141.8918918918919,0.010030006992885216,0.009651145953675173
142.14214214214215,0.010155121774370817,0.00960101640170453
142.3923923923924,0.009365246076826868,0.009588980693100088
142.64264264264264,0.009836043956028833,0.009547847066735535
142.89289289289292,0.009363518104249867,0.009505778731523497
143.14314314314316,0.009387812561147246,0.00946685014564021
143.3933933933934,0.009488897589293336,0.009441092791987033
143.64364364364366,0.008994233271802349,0.009397330275130076
143.8938938938939,0.00892280824856972,0.009351793578612416
144.14414414414415,0.00948383802803529,0.009319498661685272
144.3943943943944,0.009367677962262226,0.009274788647370613
144.64464464464467,0.009581737791064766,0.009251830840777846
144.89489489489492,0.009671641325744352,0.00920851893209522
145.14514514514516,0.009112457905171581,0.00916854939470348
145.3953953953954,0.009289153162508168,0.009128481043887493
145.64564564564566,0.009042557927200514,0.00908693583523512
145.8958958958959,0.009289983859799063,0.009054934823750534
146.14614614614615,0.008436104370451461,0.009019596926200923
146.3963963963964,0.008165524141476938,0.008976668072674727
146.64664664664667,0.008344957899262536,0.008934853768262955
146.89689689689692,0.009323528842760023,0.008889372216030571
147.14714714714717,0.008755883641180335,0.008847188925027241
147.3973973973974,0.009022778977471009,0.008809858651719389
147.64764764764766,0.008703701852804984,0.008769064292919126
147.8978978978979,0.008649441114345142,0.008721907428858281
148.14814814814815,0.008649410184632191,0.008697939402775166
148.3983983983984,0.009065883914321756,0.008668185633982488
148.64864864864867,0.008315464553676979,0.008647789713452713
148.89889889889892,0.00879077958969085,0.008601330624398941
149.14914914914917,0.008737692376226638,0.008595017889680845
149.3993993993994,0.008667375379746212,0.008562430309538792
149.64964964964966,0.008197712518369274,0.008536948277706102
149.8998998998999,0.008927026981513684,0.008509939523050158
150.15015015015015,0.008770224957925784,0.008479225303074114
150.4004004004004,0.007907786996717799,0.00843002832998061
150.65065065065068,0.009367635832804852,0.008411237081767666
150.90090090090092,0.008046104156475085,0.008396832787395768
151.15115115115117,0.008167547338321517,0.008388221550132798
151.40140140140142,0.00861545208360779,0.00838430176733247
151.65165165165166,0.007768290900182335,0.00835296511570063
151.9019019019019,0.0087446994980639,0.00834502319704377
152.15215215215215,0.008202316120456507,0.008311818137032422
152.40240240240243,0.007897571949243199,0.008283291430886124
152.65265265265268,0.008552965749007668,0.008233567550659572
152.90290290290292,0.007638122056610599,0.008182091961563909
153.15315315315317,0.00811969013180161,0.00812129767566599
153.40340340340342,0.008101861916145967,0.008078429054505057
153.65365365365366,0.007664840339488412,0.00803486760389043
153.9039039039039,0.008038932423466759,0.007998525257411085
154.15415415415416,0.008381300619274178,0.007951296928989212
154.40440440440443,0.008022714856852863,0.007919833672272789
154.65465465465468,0.008156493456856711,0.007870695507534966
154.90490490490492,0.0081146156944232,0.007845980401976465
155.15515515515517,0.008324507996012738,0.0077935179476600015
155.40540540540542,0.007465906486744835,0.007746921301825458
155.65565565565566,0.00788906070722209,0.00772031020657296
155.9059059059059,0.007665440834818129,0.0076844003174899875
156.15615615615616,0.00783075734166607,0.007634340298498191
156.40640640640643,0.007424803255645004,0.0076099215109459335
156.65665665665668,0.007906684642681485,0.007568290018012589
156.90690690690693,0.007420447846346415,0.007506638915222571
157.15715715715717,0.0071207333005235815,0.007516058825618941
157.40740740740742,0.0070989847722384945,0.0074503231595531155
157.65765765765767,0.0070303263036140306,0.007398810845493802
157.9079079079079,0.0074043018266675385,0.0073762168112807
158.15815815815816,0.006740534600444513,0.007338502305507024
158.40840840840843,0.007304446483364618,0.007300742782501177
158.65865865865868,0.007429033603024718,0.007273732308160888
158.90890890890893,0.007281412776550174,0.007231943396024012
159.15915915915917,0.006906213492075379,0.007207195895181427
159.40940940940942,0.007233364799333952,0.007173564263515013
159.65965965965967,0.007629435424401584,0.007125242039918145
159.9099099099099,0.007155461092484814,0.007088544350277498
160.16016016016016,0.007187706826995172,0.007045608785644601
160.41041041041044,0.007267083980025281,0.007010445812621156
160.66066066066068,0.006628414846590329,0.006972727312864852
160.91091091091093,0.007178060055520762,0.006931933419473131
161.16116116116117,0.006785783628526218,0.006902284206636092
161.41141141141142,0.006956788360374934,0.00689136922236652
161.66166166166167,0.00724333278119055,0.006878845399704149
161.91191191191191,0.006535176961015382,0.006855352850412176
162.1621621621622,0.006759101823277642,0.006838480460651225
162.41241241241244,0.006728749853222725,0.006820980966198101
162.66266266266268,0.0065675931075365075,0.006807312992541544
162.91291291291293,0.007080246158509719,0.006766259592409925
163.16316316316318,0.006931163494292278,0.006748473003858441
163.41341341341342,0.005977200698902801,0.006723967765643117
163.66366366366367,0.007266866717156155,0.006690774865419312
163.91391391391392,0.00695668013393736,0.006653409295848996
164.1641641641642,0.0064614418779136516,0.0066032565778309125
164.41441441441444,0.006051660721116614,0.006566431601395223
164.66466466466468,0.007036954503894095,0.006515666391852647
164.91491491491493,0.006208789974398013,0.006470396598370239
165.16516516516518,0.006347904568470109,0.006427490538188141
165.41541541541542,0.006438043015087229,0.006375748348819866
165.66566566566567,0.005770389674167046,0.006335630762339549
165.91591591591592,0.006692664284899473,0.006289954319400563
166.1661661661662,0.006335880696998501,0.006261665048340539
166.41641641641644,0.006073379077938434,0.006215020435238108
166.66666666666669,0.006133744598401193,0.006164738195640738
166.91691691691693,0.006653649047524917,0.00613362088754494
167.16716716716718,0.006541786940382099,0.006072157808152791
167.41741741741743,0.006405789135652384,0.006022475825955195
167.66766766766767,0.0057855276711798395,0.005979301942311892
167.91791791791792,0.006111570970497374,0.005955428527807576
168.1681681681682,0.0056238455716144395,0.005936702139031996
168.41841841841844,0.0057592221810076815,0.005893766954028054
168.6686686686687,0.005518875566043516,0.00584556978106251
168.91891891891893,0.005502064920820985,0.00578579872992406
169.16916916916918,0.006014050793984909,0.00573298869826623
169.41941941941943,0.005739805829040438,0.005708032682067593
169.66966966966967,0.005476672329933954,0.005673087438909828
169.91991991991995,0.005368463657624207,0.0056154853943599994
170.1701701701702,0.005355441410372688,0.005586676319272634
170.42042042042044,0.005616025794985573,0.005559626661355276
170.6706706706707,0.005488469937942767,0.005503729283291352
170.92092092092093,0.005191559722109331,0.005432082010875594
171.17117117117118,0.005463749277676176,0.005409606888998587
171.42142142142143,0.005515870606041176,0.00534653216092956
171.67167167167167,0.005711806085948445,0.005298660591761684
171.92192192192195,0.00488650914220933,0.005259934513729473
172.1721721721722,0.005317816576675187,0.0052202291317865225
172.42242242242244,0.005152305813923963,0.005194499609400073
172.6726726726727,0.005340983805139978,0.005152134561097596
172.92292292292294,0.005546687899542027,0.005125527191443252
173.17317317317318,0.0050192477104075515,0.005091677935805984
173.42342342342343,0.005398734451871232,0.005064897069611774
173.67367367367368,0.005596949085269061,0.005053954319566027
173.92392392392395,0.005022564335551627,0.005032847889547313
174.1741741741742,0.004458739587729756,0.004992236005434253
174.42442442442444,0.004502915734197012,0.004957678728923388
174.6746746746747,0.0045337858040089786,0.004928871089275411
174.92492492492494,0.004857709329285394,0.004891997411431053
175.17517517517518,0.00524414030154745,0.004845895265517858
175.42542542542543,0.00486540750735177,0.004810103183000387
175.67567567567568,0.004419639817657497,0.004806919058446486
175.92592592592595,0.004626473600431978,0.004772185313927184
176.1761761761762,0.004361581796559547,0.004737925609180866
176.42642642642645,0.004644755609249869,0.004689166887663305
176.6766766766767,0.004359400931653459,0.004629313770517589
176.92692692692694,0.0048908620126630635,0.004578378216731967
177.17717717717719,0.00505580593126242,0.004542816503150313
177.42742742742743,0.004436424961098742,0.0045059074734717704
177.6776776776777,0.005081999352914791,0.004457898663042356
177.92792792792795,0.0047796550124465514,0.004424906288548467
178.1781781781782,0.0046230708908557745,0.004408976883579159
178.42842842842845,0.003925505138875332,0.00435477531872627
178.6786786786787,0.004320838505570846,0.00430598808934325
178.92892892892894,0.004614843697963389,0.004259934081705391
179.1791791791792,0.0038085017715157148,0.0042277613778798125
179.42942942942943,0.0040459730461849695,0.0042046772887375525
179.6796796796797,0.0043877316979060044,0.0041771483793013355
179.92992992992995,0.003837611657345797,0.0041469356346738855
180.1801801801802,0.004113725816517158,0.004131229628860368
180.43043043043045,0.004201148642496937,0.004112358738188142
180.6806806806807,0.004378436171380002,0.004063304036667279
180.93093093093094,0.00370082731865336,0.004027554912248687
181.1811811811812,0.004063760268991558,0.003989305381508791
181.43143143143143,0.004135607963577225,0.003952573987289532
181.6816816816817,0.0037211791261898817,0.003923534743793466
181.93193193193196,0.003034744217727585,0.003904529833068428
182.1821821821822,0.003787684428665402,0.0038752369765129953
182.43243243243245,0.003472322305892595,0.003826060189048133
182.6826826826827,0.003799196592285051,0.0037854734130692764
182.93293293293294,0.004174840910698433,0.0037579361017494373
183.1831831831832,0.004220806441670385,0.0037164631379910038
183.43343343343344,0.003630424668065524,0.003676535331832171
183.6836836836837,0.0033218308187640544,0.0036653397519660577
183.93393393393396,0.00395646578519945,0.0036162871589119493
184.1841841841842,0.003552317251993508,0.003592922513358676
184.43443443443445,0.003186701232171799,0.003573929400604379
184.6846846846847,0.0036404640736276144,0.0035306649627426436
184.93493493493494,0.003913278816831383,0.003491358251052643
185.1851851851852,0.003725139633605381,0.0034461053791889585
185.43543543543547,0.003484924223614799,0.0034112389749685395
185.6856856856857,0.003449959953115342,0.0033615489563009146
185.93593593593596,0.003085798476519275,0.003323986868463753
186.1861861861862,0.003582217590028113,0.003281778629779746
186.43643643643645,0.003418070481802313,0.003234122939520259
186.6866866866867,0.0030031332385757883,0.003180673264251602
186.93693693693695,0.0034180319894061683,0.003125835286879407
187.1871871871872,0.0029166613846527984,0.003108855159724857
187.43743743743747,0.002906834421996478,0.003045231348165785
187.6876876876877,0.003121140412559193,0.0030014376406737623
187.93793793793796,0.0033111996508379806,0.0029555159706767167
188.1881881881882,0.0026236909173175077,0.002916918187618942
188.43843843843845,0.0024054057542464338,0.002843580046282557
188.6886886886887,0.003214616097583593,0.0027928754583227957
188.93893893893895,0.002613175445919936,0.0027272825791873363
189.1891891891892,0.0023382405650987565,0.002674912972586441
189.43943943943947,0.0024059653298645466,0.0026437714378326057
189.68968968968971,0.0028558667922791874,0.0026200146419763236
189.93993993993996,0.002069228667649122,0.0025648605143075293
190.1901901901902,0.0027186561621623606,0.002513063722892315
190.44044044044045,0.0025428661441247394,0.0024782588317957396
190.6906906906907,0.0021373253048074196,0.002445572195824938
190.94094094094095,0.0028534247572885984,0.00239947150999525
191.1911911911912,0.001987843744379292,0.002366539698608195
191.44144144144147,0.002501479998466025,0.002342354169459619
191.69169169169172,0.002491231078617771,0.002297695029251598
191.94194194194196,0.002168054576153964,0.0022717802557506643
192.1921921921922,0.001872250685013004,0.002235398640633353
192.44244244244246,0.0023389098678040943,0.002187351443400014
192.6926926926927,0.001943097097632273,0.0021684099958355187
192.94294294294295,0.0023766827315764034,0.002145760298146861
193.19319319319322,0.0025839249009762307,0.0021094399913341734
193.44344344344347,0.0015047978716206663,0.0020939829651566958
193.69369369369372,0.0023866137337002907,0.002060531421668837
193.94394394394396,0.0020945171435595676,0.002015828115234795
194.1941941941942,0.0023046649268994575,0.001999919359915991
194.44444444444446,0.0016449716038348591,0.0019934096672262758
194.6946946946947,0.002018198857916773,0.001965037825284065
194.94494494494495,0.001929727533704197,0.0019147887240560113
195.19519519519523,0.0021098194838667424,0.0018963428850571854
195.44544544544547,0.0019983077005903595,0.0018759614897952725
195.69569569569572,0.0017076397593088375,0.0018253613941164996
195.94594594594597,0.0015749139517362994,0.0017846845671892445
196.1961961961962,0.002127487209891121,0.0017668245741097129
196.44644644644646,0.001722784007476452,0.0017198412073479456
196.6966966966967,0.001812900351266173,0.0016963489819656426
196.94694694694695,0.0013727485080489445,0.0016866365273102521
197.19719719719723,0.001398051469995087,0.0016408791666722975
197.44744744744747,0.0013638546814003093,0.0016160404144167455
197.69769769769772,0.0013858413384044315,0.0015829204115143406
197.94794794794797,0.0020293014072507577,0.0015533184773730167
198.1981981981982,0.0012502356488707633,0.0015513964408309774
198.44844844844846,0.0016155493162539176,0.0015061586772588881
198.6986986986987,0.0017125170609914662,0.0014461236753995973
198.94894894894895,0.0012797872802197893,0.0013949059934382918
199.19919919919923,0.001308537173347115,0.0013542972999069215
199.44944944944947,0.0013946990966900808,0.0013096703083119486
199.69969969969972,0.001136562757586851,0.0012793874929758406
199.94994994994997,0.001275654803660631,0.0012209387876425683
200.20020020020021,0.0016951398112672116,0.0011852574533380573
200.45045045045046,0.000983085094493087,0.0011417922796166959
200.7007007007007,0.000879915536437917,0.0011372402308858153
200.95095095095098,0.0009220020883456443,0.001083809200409563
201.20120120120123,0.0014101432781392525,0.001050994539603931
201.45145145145148,0.0012003003156170605,0.0010105599501820412
201.70170170170172,0.0006876302814099579,0.000980562071743784
201.95195195195197,0.0014088543935196836,0.000958442276991035
202.20220220220222,0.001144717767291459,0.0009118752025958538
202.45245245245246,0.0008297174504645311,0.0008691370697464342
202.7027027027027,0.0010064529828912217,0.0008588922674467476
202.95295295295298,0.0008321972494767151,0.0008391075291691705
203.20320320320323,0.00013744358297226265,0.0008143174425752789
203.45345345345348,0.000865310505624992,0.0007854990620671985
203.70370370370372,0.0009002338577904577,0.0007426824338230046
203.95395395395397,0.0002861797903035175,0.0006952665583219566
204.20420420420422,0.0006010725345258752,0.0006604643312069547
204.45445445445446,-0.00043277731995128483,0.0006565047441122938
204.7047047047047,0.0006163501704443871,0.0006259668705369266
204.95495495495499,0.0007987616687266479,0.0006038515291520467
205.20520520520523,0.001006977044103174,0.0005616899806506002
205.45545545545548,0.0002561061965738831,0.0005183899605392058
205.70570570570572,0.0008293125379816046,0.0004823388447327908
205.95595595595597,0.0006692053411454151,0.0004829044170990706
206.20620620620622,0.0005661978086974459,0.0004513953988391572
206.45645645645646,0.0006888692082047692,0.00043020998115245196
206.7067067067067,0.0007622705123002311,0.0004017108578089835
206.956956956957,-0.00034235319618719815,0.00036534149805410846
207.20720720720723,0.0006189839093854309,0.0003295760248949097
207.45745745745748,0.000302377237505711,0.0003085169198398486
207.70770770770773,0.0005108642154505206,0.00031268698247142383
207.95795795795797,0.00040636147300372093,0.00029455599213070474
208.20820820820822,7.395543303137562e-05,0.000251285106316498
208.45845845845847,0.0006571994621126598,0.00024943301237826516
208.70870870870874,0.00044347036998718624,0.00022065684563124033
208.958958958959,-7.797361217740333e-05,0.00019795074950830515
209.20920920920923,-0.00016076398681535417,0.00018057127916961934
209.45945945945948,9.863431009609274e-05,0.00015304709759701512
209.70970970970973,-0.00023353274725769282,0.00012071265639653296
209.95995995995997,0.00022116312938546103,0.0001083531208570261
210.21021021021022,0.00036469231560640425,8.187901472554632e-05
210.46046046046047,-3.740964956191919e-05,4.3628238780895396e-05
210.71071071071074,-0.0004379471530112909,8.96502780709039e-06
210.960960960961,-0.0003401345160586396,-5.338748841449527e-05
211.21121121121124,-0.00029798516955004194,-7.188410263227329e-05
211.46146146146148,0.0005910194233546043,-5.5762073757913994e-05
211.71171171171173,0.0003489722718627334,-8.796183013648045e-05
211.96196196196198,0.00021519313604918404,-0.00012903232117927898
212.21221221221222,-0.0009647175399422797,-0.00015280292492315684
212.46246246246247,-0.00020189973925634436,-0.00016613262269683928
212.71271271271274,-0.00042660364469463156,-0.00018965486192467864
212.962962962963,0.00034792996776339153,-0.00020510031944811162
213.21321321321324,3.682053366485558e-05,-0.00021758914226842186
213.46346346346348,-6.532087949588121e-05,-0.0002849158669276404
213.71371371371373,-0.0005566212180485189,-0.0003096016099457568
213.96396396396398,-0.0009850220451075868,-0.000329523386103502
214.21421421421422,-0.0004450709711147514,-0.00035906033333002387
214.46446446446447,-8.146530588347252e-05,-0.000392600898747495
214.71471471471475,-0.0007409186734990906,-0.0004304515060607737
214.964964964965,-2.015589650115288e-06,-0.0004478942008917988
215.21521521521524,-0.0004509625052929371,-0.0004832989446492675
215.46546546546548,-0.00042839870512468545,-0.0005157778259160644
215.71571571571573,-0.00019669765726236613,-0.0005512816060378979
215.96596596596598,-0.0007774164580014249,-0.0005841287264313024
216.21621621621622,-0.0008263045427464623,-0.0006398194414718982
216.4664664664665,-0.0002770040289588968,-0.0006583885560101209
216.71671671671675,-0.0004684800494573829,-0.0006555578311981013
216.966966966967,-0.0002746297842094853,-0.0006833754204907303
217.21721721721724,-0.0004300326013209149,-0.0007266623196869834
217.4674674674675,-0.0009946153953701061,-0.0007611415280595886
217.71771771771773,-0.0021483021756407692,-0.0007868554035381267
217.96796796796798,-0.00034241603017606885,-0.0007939534540077681
218.21821821821823,-0.0007364337953076193,-0.0008123431420344902
218.4684684684685,-0.0007415685060106739,-0.0008180529170462881
218.71871871871875,-0.0012449918479004026,-0.0008548503555694586
218.968968968969,-0.0010319208236399197,-0.0008805002231300568
219.21921921921924,-0.0011926409726480134,-0.0008941707172299047
219.4694694694695,-0.0012133470620377925,-0.0008904371216000087
219.71971971971973,-0.0004695883076508805,-0.0008842986915050937
219.96996996996998,-0.0009485791400157698,-0.0009002757410734349
220.22022022022023,-0.0014427326337903522,-0.0009134644398557607
220.4704704704705,-0.0009190792995003314,-0.0009436260609123481
220.72072072072075,-0.0008160361039128706,-0.0009647790809350774
220.970970970971,-0.0009687323022822314,-0.0009875017809651966
221.22122122122124,-0.0010315066574928442,-0.0010160220095157097
221.4714714714715,-0.0004963781914289518,-0.0009979469987371073
221.72172172172174,-0.001042172414847848,-0.0010163486089531152
221.97197197197198,-0.0010540127941976872,-0.0010384342855085768
222.22222222222223,-0.0008756843768700506,-0.001028573453784593
222.4724724724725,-0.0003566721096475526,-0.0010547106660064507
222.72272272272275,-0.0010898074784523827,-0.0010851915744052778
222.972972972973,-0.0016605889912296562,-0.0010813586777724427
223.22322322322324,-0.0010167623245524323,-0.001104268074961338
223.4734734734735,-0.0008801344555933713,-0.0011142617780478372
223.72372372372374,-0.0011019601053097086,-0.001114108886031432
223.97397397397398,-0.0014103411723343652,-0.0011192927012668658
224.22422422422426,-0.0011063115654548162,-0.0011803396480232074
224.4744744744745,-0.0007826845525999189,-0.001204768230337002
224.72472472472475,-0.001199932559197027,-0.0012443955230058061
224.974974974975,-0.0013544936289721617,-0.0012651896440587353
225.22522522522524,-0.0010167004903672502,-0.001305376592598928
225.4754754754755,-0.001666205832141185,-0.0013551842762650067
225.72572572572574,-0.0014824749890638062,-0.0014021247670628074
225.97597597597598,-0.0018333458408931207,-0.0014539114317521538
226.22622622622626,-0.001137042137241813,-0.0014871420641407308
226.4764764764765,-0.0017112631241416655,-0.0015101148135313882
226.72672672672675,-0.0016883003301265422,-0.0015670321346865303
226.976976976977,-0.0015443346600067668,-0.0015997901438527978
227.22722722722725,-0.001060180506562234,-0.001639550106392246
227.4774774774775,-0.001470053807398461,-0.0016722301333820314
227.72772772772774,-0.0023709366106653166,-0.0017196967456922945
227.977977977978,-0.0016135621061787243,-0.0017393858667238745
228.22822822822826,-0.0014367587156214451,-0.0017690507077628157
228.4784784784785,-0.002291295974434563,-0.001784951801969754
228.72872872872875,-0.0017009063776142518,-0.001811725855085505
228.978978978979,-0.0016417728121405897,-0.0018121353239989597
229.22922922922925,-0.0022968525596601336,-0.0018319110276659857
229.4794794794795,-0.001566949936073812,-0.0018731434039943448
229.72972972972974,-0.0017309036996521667,-0.001904650698006063
229.97997997998,-0.0021970189105497973,-0.0019154922686312392
230.23023023023026,-0.0026995129185463976,-0.0019291837078260791
230.4804804804805,-0.0022388881412688947,-0.001955840933720203
230.73073073073076,-0.0017983668160920436,-0.0019587187038676893
230.980980980981,-0.001589985837814055,-0.001961246786483146
231.23123123123125,-0.0022190060214986895,-0.0019949606002533627
231.4814814814815,-0.0021442392321710897,-0.001980842498254674
231.73173173173174,-0.0016497782377092652,-0.0019654527036265697
231.981981981982,-0.0019203048818926796,-0.0019879204604000642
232.23223223223226,-0.0018182071593908387,-0.0020036386114741893
232.4824824824825,-0.0016416462926057865,-0.0020385919760606383
232.73273273273276,-0.002431920104240764,-0.0020471657453008827
232.982982982983,-0.0018438203340301021,-0.002047626782288689
233.23323323323325,-0.0021747508490006233,-0.0020590746791215152
233.4834834834835,-0.0017951825285906211,-0.0020640405126542225
233.73373373373374,-0.0021424908969397,-0.002056869314122689
233.98398398398402,-0.001657911842763804,-0.0020580314825214777
234.23423423423426,-0.0019469197192373015,-0.0020739190574155316
234.4844844844845,-0.002068213036151829,-0.002084058110857562
234.73473473473476,-0.0025669151006856477,-0.0020775299291474754
234.984984984985,-0.002007149333866297,-0.0021102366413272037
235.23523523523525,-0.0022611191410991404,-0.0021139033692382228
235.4854854854855,-0.0022482718084175447,-0.0021054403791707916
235.73573573573574,-0.002105721835214328,-0.002107339065730971
235.98598598598602,-0.0017448782479589796,-0.002115376237494346
236.23623623623627,-0.0021879018104850574,-0.002098382637356353
236.4864864864865,-0.0022396076385388405,-0.002105294414674309
236.73673673673676,-0.0020665066504044214,-0.0021469883090231992
236.986986986987,-0.0025514335531921593,-0.0021893633612203264
237.23723723723725,-0.0021598577907772968,-0.00220978317646909
237.4874874874875,-0.001319120900094666,-0.0022055155864261107
237.73773773773775,-0.00303234960345112,-0.0022344564896805423
237.98798798798802,-0.0027892531952655487,-0.002250511315185994
238.23823823823827,-0.002137529890155008,-0.0022604258715426258
238.4884884884885,-0.0021420324159096924,-0.0022729362184212105
238.73873873873876,-0.001777072736603713,-0.0022678295767758526
238.988988988989,-0.0018477520772286914,-0.0022581902264828904
239.23923923923925,-0.002636982252445845,-0.0022608090893149503
239.4894894894895,-0.002270281282303113,-0.002262979545849862
239.73973973973975,-0.0023227098213839774,-0.0022510470469729467
239.98998998999002,-0.0021470140205846148,-0.0022366690164115108
240.24024024024027,-0.0021383892813433593,-0.0022321450565848623
240.49049049049052,-0.0025685974261946366,-0.002214862154781007
240.74074074074076,-0.0020365511672742636,-0.0022121436094256694
240.990990990991,-0.002337681243301609,-0.0022039281634369675
241.24124124124126,-0.0018144230996817224,-0.0022195660750127457
241.4914914914915,-0.0021719661197787403,-0.0022118423888042946
241.74174174174178,-0.002486626112598801,-0.002219838875559672
241.99199199199202,-0.0028742260513364027,-0.0022357161785126036
242.24224224224227,-0.0019562558286988514,-0.002249030578178288
242.49249249249252,-0.0029354789625483523,-0.0022321330252818993
242.74274274274276,-0.002682878396867867,-0.0022155479776412483
242.992992992993,-0.002108380316578348,-0.002227037507656749
243.24324324324326,-0.0016315442709951829,-0.002193823349880994
243.4934934934935,-0.0018308673773716182,-0.0022133876813880166
243.74374374374378,-0.0023626605391878627,-0.0022087267315518888
243.99399399399402,-0.0018034829490860894,-0.002205587942792644
244.24424424424427,-0.002137056337584956,-0.002202786635910321
244.49449449449452,-0.0017628613589911876,-0.002200393455210814
244.74474474474476,-0.0018022470846103074,-0.002198479044999977
244.994994994995,-0.0022152354850960244,-0.0021971140495836623
245.24524524524526,-0.002110445150802085,-0.0021963691132677234
245.4954954954955,-0.0024867819207787197,-0.0021963148803580135
245.74574574574578,-0.001915388270171982,-0.002197021995160385
245.99599599599603,-0.002722889624062083,-0.002198561101980692
246.24624624624627,-0.0024703835844510015,-0.002201002845124787
246.49649649649652,-0.0024978217812685593,-0.0022044178688985236
246.74674674674677,-0.002440156289194021,-0.0022088768176077543
246.996996996997,-0.0021738273547757293,-0.002214450335558332
247.24724724724726,-0.002459538350670248,-0.002221209067056111
247.4974974974975,-0.002187562454802564,-0.0022292236564069434
247.74774774774778,-0.0024525204845237576,-0.0022385647479166823
247.99799799799803,-0.00217275472618888,-0.0022493029858911815
248.24824824824827,-0.0018577764774413814,-0.0022615090146362936
248.49849849849852,-0.0017092818366814704,-0.0022752534784578715
248.74874874874877,-0.002273412823600571,-0.0022906070216617692
248.998998998999,-0.0027093657019281805,-0.002307640288553839
249.24924924924926,-0.0018130744825241051,-0.002326423923439934
249.49949949949954,-0.0031959372971660707,-0.0023470285706259073
249.74974974974978,-0.001972586026399775,-0.0023695248744176126
250.0,-0.002418328647548972,-0.002393983479120903
