threshold_A,threshold_B,valid_physical_pair,n,predicted_leakage,predicted_no_leakage,no_leakage_between_A_B,accuracy,precision,recall,f1,tn,fp,fn,tp,balanced_accuracy
0.095,0.015,True,2500,1977.0,523.0,523.0,0.9748,0.9898836621143147,0.9785,0.984158913754086,480.0,20.0,43.0,1957.0,0.96925
0.095,0.025,True,2500,1983.0,517.0,517.0,0.974,0.9878971255673222,0.9795,0.9836806427316093,476.0,24.0,41.0,1959.0,0.96575
0.095,0.005,True,2500,1975.0,525.0,525.0,0.974,0.9898734177215189,0.9775,0.9836477987421384,480.0,20.0,45.0,1955.0,0.96875
0.095,-0.005,True,2500,1973.0,527.0,527.0,0.9732,0.9898631525595539,0.9765,0.9831361691417065,480.0,20.0,47.0,1953.0,0.96825
0.095,-0.015,True,2500,1972.0,528.0,528.0,0.9728,0.9898580121703854,0.976,0.9828801611278952,480.0,20.0,48.0,1952.0,0.968
0.095,-0.025,True,2500,1964.0,536.0,536.0,0.9696,0.9898167006109979,0.972,0.9808274470232089,480.0,20.0,56.0,1944.0,0.966
0.095,-0.035,True,2500,1962.0,538.0,538.0,0.9688,0.9898063200815495,0.971,0.9803129732458354,480.0,20.0,58.0,1942.0,0.9655
0.095,0.035,True,2500,2005.0,495.0,495.0,0.9684,0.9790523690773068,0.9815,0.980274656679151,458.0,42.0,37.0,1963.0,0.94875
0.095,-0.045,True,2500,1957.0,543.0,543.0,0.9668,0.9897802759325498,0.9685,0.9790245135203437,480.0,20.0,63.0,1937.0,0.96425
0.105,0.025,True,2500,1938.0,562.0,562.0,0.9656,0.9938080495356038,0.963,0.9781615033011681,488.0,12.0,74.0,1926.0,0.9695
0.105,0.015,True,2500,1930.0,570.0,570.0,0.9656,0.9958549222797928,0.961,0.9781170483460558,492.0,8.0,78.0,1922.0,0.9724999999999999
0.085,0.015,True,2500,2034.0,466.0,466.0,0.9648,0.9700098328416913,0.9865,0.9781854238968766,439.0,61.0,27.0,1973.0,0.93225
0.105,0.005,True,2500,1928.0,572.0,572.0,0.9648,0.995850622406639,0.96,0.9775967413441955,492.0,8.0,80.0,1920.0,0.972
0.085,0.025,True,2500,2040.0,460.0,460.0,0.964,0.9681372549019608,0.9875,0.9777227722772278,435.0,65.0,25.0,1975.0,0.92875
0.085,0.005,True,2500,2032.0,468.0,468.0,0.964,0.96998031496063,0.9855,0.9776785714285714,439.0,61.0,29.0,1971.0,0.9317500000000001
0.095,-0.055,True,2500,1950.0,550.0,550.0,0.964,0.9897435897435898,0.965,0.9772151898734178,480.0,20.0,70.0,1930.0,0.9624999999999999
0.085,-0.005,True,2500,2031.0,469.0,469.0,0.9636,0.9699655342195963,0.985,0.977424956586455,439.0,61.0,30.0,1970.0,0.9315
0.105,-0.005,True,2500,1925.0,575.0,575.0,0.9636,0.9958441558441559,0.9585,0.9768152866242039,492.0,8.0,83.0,1917.0,0.97125
0.085,-0.015,True,2500,2030.0,470.0,470.0,0.9632,0.9699507389162562,0.9845,0.9771712158808934,439.0,61.0,31.0,1969.0,0.93125
0.105,-0.015,True,2500,1923.0,577.0,577.0,0.9628,0.9958398335933437,0.9575,0.9762936528167218,492.0,8.0,85.0,1915.0,0.97075
0.105,0.035,True,2500,1967.0,533.0,533.0,0.962,0.9842399593289273,0.968,0.9760524325686917,469.0,31.0,64.0,1936.0,0.953
0.085,-0.025,True,2500,2023.0,477.0,477.0,0.9604,0.9698467622343054,0.981,0.9753914988814318,439.0,61.0,38.0,1962.0,0.9295
0.085,-0.035,True,2500,2022.0,478.0,478.0,0.96,0.9698318496538081,0.9805,0.9751367478866236,439.0,61.0,39.0,1961.0,0.92925
0.085,0.035,True,2500,2057.0,443.0,443.0,0.9596,0.9615945551774429,0.989,0.9751047572097609,421.0,79.0,22.0,1978.0,0.9155
0.095,-0.065,True,2500,1939.0,561.0,561.0,0.9596,0.9896854048478597,0.9595,0.9743589743589745,480.0,20.0,81.0,1919.0,0.95975
0.105,-0.025,True,2500,1915.0,585.0,585.0,0.9596,0.995822454308094,0.9535,0.9742017879948914,492.0,8.0,93.0,1907.0,0.96875
0.105,-0.035,True,2500,1913.0,587.0,587.0,0.9588,0.9958180867746994,0.9525,0.9736774853053922,492.0,8.0,95.0,1905.0,0.96825
0.085,-0.045,True,2500,2017.0,483.0,483.0,0.958,0.9697570649479424,0.978,0.9738610903659448,439.0,61.0,44.0,1956.0,0.9279999999999999
0.095,-0.075,True,2500,1931.0,569.0,569.0,0.9564,0.9896426721905748,0.9555,0.972271686593742,480.0,20.0,89.0,1911.0,0.95775
0.085,-0.055,True,2500,2012.0,488.0,488.0,0.956,0.9696819085487077,0.9755,0.9725822532402792,439.0,61.0,49.0,1951.0,0.92675
0.105,-0.045,True,2500,1905.0,595.0,595.0,0.9556,0.9958005249343832,0.9485,0.9715749039692702,492.0,8.0,103.0,1897.0,0.96625
0.095,-0.085,True,2500,1926.0,574.0,574.0,0.9544,0.9896157840083074,0.953,0.9709628120224146,480.0,20.0,94.0,1906.0,0.9564999999999999
0.085,-0.065,True,2500,2002.0,498.0,498.0,0.952,0.9695304695304695,0.9705,0.9700149925037481,439.0,61.0,59.0,1941.0,0.92425
0.105,-0.055,True,2500,1896.0,604.0,604.0,0.952,0.9957805907172996,0.944,0.9691991786447639,492.0,8.0,112.0,1888.0,0.964
0.115,0.025,True,2500,1900.0,600.0,600.0,0.9512,0.9942105263157894,0.9445,0.9687179487179487,489.0,11.0,111.0,1889.0,0.9612499999999999
0.115,0.015,True,2500,1892.0,608.0,608.0,0.9512,0.9963002114164905,0.9425,0.9686536485097635,493.0,7.0,115.0,1885.0,0.96425
0.095,-0.095,True,2500,1917.0,583.0,583.0,0.9508,0.989567031820553,0.9485,0.9685984171559867,480.0,20.0,103.0,1897.0,0.95425
0.115,0.005,True,2500,1890.0,610.0,610.0,0.9504,0.9962962962962963,0.9415,0.9681233933161953,493.0,7.0,117.0,1883.0,0.96375
0.085,-0.075,True,2500,1996.0,504.0,504.0,0.9496,0.9694388777555111,0.9675,0.9684684684684686,439.0,61.0,65.0,1935.0,0.92275
0.115,-0.005,True,2500,1885.0,615.0,615.0,0.9484,0.9962864721485412,0.939,0.9667953667953667,493.0,7.0,122.0,1878.0,0.9624999999999999
0.095,0.045,True,2500,2078.0,422.0,422.0,0.948,0.9499518768046198,0.987,0.9681216282491417,396.0,104.0,26.0,1974.0,0.8895
0.085,-0.085,True,2500,1992.0,508.0,508.0,0.948,0.9693775100401606,0.9655,0.967434869739479,439.0,61.0,69.0,1931.0,0.9217500000000001
0.115,0.035,True,2500,1931.0,569.0,569.0,0.9476,0.983946141895391,0.95,0.9666751462732129,469.0,31.0,100.0,1900.0,0.944
0.115,-0.015,True,2500,1883.0,617.0,617.0,0.9476,0.9962825278810409,0.938,0.9662631985578161,493.0,7.0,124.0,1876.0,0.962
0.105,-0.065,True,2500,1884.0,616.0,616.0,0.9472,0.9957537154989384,0.938,0.9660144181256437,492.0,8.0,124.0,1876.0,0.961
0.095,-0.105,True,2500,1906.0,594.0,594.0,0.9464,0.9895068205666316,0.943,0.9656938044034818,480.0,20.0,114.0,1886.0,0.9515
0.085,-0.095,True,2500,1985.0,515.0,515.0,0.9452,0.9692695214105793,0.962,0.9656210790464241,439.0,61.0,76.0,1924.0,0.9199999999999999
0.115,-0.025,True,2500,1873.0,627.0,627.0,0.9436,0.996262680192205,0.933,0.9635941130906274,493.0,7.0,134.0,1866.0,0.9595
0.095,-0.115,True,2500,1898.0,602.0,602.0,0.9432,0.9894625922023182,0.939,0.9635710620831195,480.0,20.0,122.0,1878.0,0.9495
0.105,0.045,True,2500,2045.0,455.0,455.0,0.9428,0.9540342298288509,0.9755,0.9646477132262052,406.0,94.0,49.0,1951.0,0.89375
0.085,-0.105,True,2500,1978.0,522.0,522.0,0.9424,0.9691607684529828,0.9585,0.9638009049773756,439.0,61.0,83.0,1917.0,0.91825
0.105,-0.075,True,2500,1872.0,628.0,628.0,0.9424,0.9957264957264957,0.932,0.962809917355372,492.0,8.0,136.0,1864.0,0.958
0.115,-0.035,True,2500,1869.0,631.0,631.0,0.942,0.9962546816479401,0.931,0.9625226156629619,493.0,7.0,138.0,1862.0,0.9585
0.095,-0.125,True,2500,1892.0,608.0,608.0,0.9408,0.9894291754756871,0.936,0.9619732785200411,480.0,20.0,128.0,1872.0,0.948
0.085,0.045,True,2500,2122.0,378.0,378.0,0.94,0.9359095193213949,0.993,0.9636098981077147,364.0,136.0,14.0,1986.0,0.8605
0.085,-0.115,True,2500,1972.0,528.0,528.0,0.94,0.9690669371196755,0.9555,0.9622356495468278,439.0,61.0,89.0,1911.0,0.91675
0.105,-0.085,True,2500,1865.0,635.0,635.0,0.9396,0.995710455764075,0.9285,0.9609314359637776,492.0,8.0,143.0,1857.0,0.95625
0.125,0.025,True,2500,1861.0,639.0,639.0,0.9396,0.9967759269210102,0.9275,0.9608909608909608,494.0,6.0,145.0,1855.0,0.95775
0.115,-0.045,True,2500,1861.0,639.0,639.0,0.9388,0.9962385814078453,0.927,0.9603729603729604,493.0,7.0,146.0,1854.0,0.9565
0.125,0.015,True,2500,1851.0,649.0,649.0,0.9388,0.9989195029713668,0.9245,0.9602700597247469,498.0,2.0,151.0,1849.0,0.96025
0.085,-0.125,True,2500,1967.0,533.0,533.0,0.938,0.9689883070665989,0.953,0.9609276531383917,439.0,61.0,94.0,1906.0,0.9155
0.125,0.035,True,2500,1896.0,604.0,604.0,0.9376,0.9862869198312236,0.935,0.959958932238193,474.0,26.0,130.0,1870.0,0.9415
0.125,0.005,True,2500,1845.0,655.0,655.0,0.9364,0.9989159891598915,0.9215,0.9586475942782835,498.0,2.0,157.0,1843.0,0.95875
0.105,-0.095,True,2500,1854.0,646.0,646.0,0.9352,0.9956850053937433,0.923,0.9579657498702647,492.0,8.0,154.0,1846.0,0.9535
0.115,-0.055,True,2500,1851.0,649.0,649.0,0.9348,0.9962182603997839,0.922,0.9576733316021813,493.0,7.0,156.0,1844.0,0.954
0.125,-0.005,True,2500,1840.0,660.0,660.0,0.9344,0.9989130434782608,0.919,0.9572916666666665,498.0,2.0,162.0,1838.0,0.9575
0.125,-0.015,True,2500,1838.0,662.0,662.0,0.9336,0.998911860718172,0.918,0.9567483064095884,498.0,2.0,164.0,1836.0,0.9570000000000001
0.115,0.045,True,2500,2017.0,483.0,483.0,0.9316,0.9533961328705999,0.9615,0.9574309185959671,406.0,94.0,77.0,1923.0,0.88675
0.115,-0.065,True,2500,1839.0,661.0,661.0,0.93,0.9961935834692768,0.916,0.9544152122948685,493.0,7.0,168.0,1832.0,0.9510000000000001
0.105,-0.105,True,2500,1840.0,660.0,660.0,0.9296,0.9956521739130435,0.916,0.9541666666666666,492.0,8.0,168.0,1832.0,0.95
0.125,-0.025,True,2500,1825.0,675.0,675.0,0.9284,0.9989041095890411,0.9115,0.9532026143790849,498.0,2.0,177.0,1823.0,0.95375
0.125,0.045,True,2500,1996.0,504.0,504.0,0.9264,0.9549098196392786,0.953,0.953953953953954,410.0,90.0,94.0,1906.0,0.8865
0.125,-0.035,True,2500,1820.0,680.0,680.0,0.9264,0.9989010989010989,0.909,0.9518324607329843,498.0,2.0,182.0,1818.0,0.9525
0.105,-0.115,True,2500,1829.0,671.0,671.0,0.9252,0.9956260251503554,0.9105,0.9511621833376861,492.0,8.0,179.0,1821.0,0.9472499999999999
0.135,0.025,True,2500,1821.0,679.0,679.0,0.9252,0.9978034047226798,0.9085,0.9510599319549856,496.0,4.0,183.0,1817.0,0.95025
0.115,-0.075,True,2500,1826.0,674.0,674.0,0.9248,0.9961664841182913,0.9095,0.9508625196027182,493.0,7.0,181.0,1819.0,0.94775
0.075,0.015,True,2500,2163.0,337.0,337.0,0.9244,0.9186315302820157,0.9935,0.9546000480422773,324.0,176.0,13.0,1987.0,0.8207500000000001
0.075,0.025,True,2500,2166.0,334.0,334.0,0.924,0.9178208679593721,0.994,0.9543927028324533,322.0,178.0,12.0,1988.0,0.819
0.135,0.035,True,2500,1858.0,642.0,642.0,0.924,0.9870828848223897,0.917,0.9507516848107829,476.0,24.0,166.0,1834.0,0.9345
0.075,-0.005,True,2500,2161.0,339.0,339.0,0.9236,0.9185562239703841,0.9925,0.9540975726988704,324.0,176.0,15.0,1985.0,0.82025
0.075,0.005,True,2500,2161.0,339.0,339.0,0.9236,0.9185562239703841,0.9925,0.9540975726988704,324.0,176.0,15.0,1985.0,0.82025
0.135,0.015,True,2500,1809.0,691.0,691.0,0.9236,1.0,0.9045,0.9498556051457074,500.0,0.0,191.0,1809.0,0.95225
0.075,-0.015,True,2500,2160.0,340.0,340.0,0.9232,0.9185185185185185,0.992,0.9538461538461539,324.0,176.0,16.0,1984.0,0.8200000000000001
0.125,-0.045,True,2500,1811.0,689.0,689.0,0.9228,0.9988956377691883,0.9045,0.9493571241144058,498.0,2.0,191.0,1809.0,0.95025
0.105,-0.125,True,2500,1821.0,679.0,679.0,0.922,0.9956068094453597,0.9065,0.9489662392043967,492.0,8.0,187.0,1813.0,0.9452499999999999
0.115,-0.085,True,2500,1818.0,682.0,682.0,0.9216,0.9961496149614961,0.9055,0.9486642221058146,493.0,7.0,189.0,1811.0,0.94575
0.075,0.035,True,2500,2177.0,323.0,323.0,0.9212,0.9141019751952227,0.995,0.9528369643284654,313.0,187.0,10.0,1990.0,0.8105
0.075,-0.025,True,2500,2154.0,346.0,346.0,0.9208,0.9182915506035283,0.989,0.9523350987000481,324.0,176.0,22.0,1978.0,0.8185
0.075,-0.035,True,2500,2153.0,347.0,347.0,0.9204,0.9182535996284255,0.9885,0.9520828316879365,324.0,176.0,23.0,1977.0,0.81825
0.135,0.005,True,2500,1799.0,701.0,701.0,0.9196,1.0,0.8995,0.94709133982627,500.0,0.0,201.0,1799.0,0.94975
0.075,-0.045,True,2500,2148.0,352.0,352.0,0.9184,0.9180633147113594,0.986,0.9508196721311475,324.0,176.0,28.0,1972.0,0.817
0.125,-0.055,True,2500,1800.0,700.0,700.0,0.9184,0.9988888888888889,0.899,0.9463157894736842,498.0,2.0,202.0,1798.0,0.9475
0.135,-0.005,True,2500,1793.0,707.0,707.0,0.9172,1.0,0.8965,0.9454257843395728,500.0,0.0,207.0,1793.0,0.94825
0.115,-0.095,True,2500,1806.0,694.0,694.0,0.9168,0.9961240310077519,0.8995,0.9453494482396216,493.0,7.0,201.0,1799.0,0.94275
0.075,-0.055,True,2500,2143.0,357.0,357.0,0.9164,0.9178721418572096,0.9835,0.9495534636736664,324.0,176.0,33.0,1967.0,0.81575
0.135,-0.015,True,2500,1789.0,711.0,711.0,0.9156,1.0,0.8945,0.9443124835048826,500.0,0.0,211.0,1789.0,0.9472499999999999
0.135,0.045,True,2500,1963.0,537.0,537.0,0.9148,0.9551706571574121,0.9375,0.9462528387585163,412.0,88.0,125.0,1875.0,0.8807499999999999
0.075,-0.065,True,2500,2137.0,363.0,363.0,0.914,0.9176415535797847,0.9805,0.9480299734106841,324.0,176.0,39.0,1961.0,0.81425
0.075,-0.075,True,2500,2133.0,367.0,367.0,0.9124,0.9174871073605251,0.9785,0.947011855794822,324.0,176.0,43.0,1957.0,0.81325
0.125,-0.065,True,2500,1785.0,715.0,715.0,0.9124,0.9988795518207283,0.8915,0.9421400264200792,498.0,2.0,217.0,1783.0,0.94375
0.145,0.035,True,2500,1826.0,674.0,674.0,0.9112,0.9868565169769989,0.901,0.9419759539989545,476.0,24.0,198.0,1802.0,0.9265
0.075,-0.085,True,2500,2129.0,371.0,371.0,0.9108,0.9173320807891029,0.9765,0.9459917655606684,324.0,176.0,47.0,1953.0,0.81225
0.135,-0.025,True,2500,1776.0,724.0,724.0,0.9104,1.0,0.888,0.940677966101695,500.0,0.0,224.0,1776.0,0.944
0.115,-0.105,True,2500,1786.0,714.0,714.0,0.9088,0.996080627099664,0.8895,0.9397781299524565,493.0,7.0,221.0,1779.0,0.93775
0.075,-0.095,True,2500,2123.0,377.0,377.0,0.9084,0.917098445595855,0.9735,0.9444579189910259,324.0,176.0,53.0,1947.0,0.8107500000000001
0.145,0.025,True,2500,1779.0,721.0,721.0,0.9084,0.9977515458122541,0.8875,0.9394019581899974,496.0,4.0,225.0,1775.0,0.93975
0.135,-0.035,True,2500,1767.0,733.0,733.0,0.9068,1.0,0.8835,0.9381470666312716,500.0,0.0,233.0,1767.0,0.94175
0.075,-0.105,True,2500,2118.0,382.0,382.0,0.9064,0.9169027384324835,0.971,0.9431762991743564,324.0,176.0,58.0,1942.0,0.8095
0.125,-0.075,True,2500,1770.0,730.0,730.0,0.9064,0.9988700564971752,0.884,0.9379310344827586,498.0,2.0,232.0,1768.0,0.94
0.145,0.015,True,2500,1764.0,736.0,736.0,0.9056,1.0,0.882,0.9373007438894793,500.0,0.0,236.0,1764.0,0.9410000000000001
0.075,-0.115,True,2500,2114.0,386.0,386.0,0.9048,0.9167455061494797,0.969,0.9421487603305786,324.0,176.0,62.0,1938.0,0.8085
0.095,0.055,True,2500,2203.0,297.0,297.0,0.9044,0.899682251475261,0.991,0.9431358553414229,279.0,221.0,18.0,1982.0,0.7745
0.075,-0.125,True,2500,2111.0,389.0,389.0,0.9036,0.9166271909047845,0.9675,0.9413767939674046,324.0,176.0,65.0,1935.0,0.80775
0.145,0.045,True,2500,1934.0,566.0,566.0,0.9032,0.954498448810755,0.923,0.9384850025419421,412.0,88.0,154.0,1846.0,0.8734999999999999
0.115,-0.115,True,2500,1772.0,728.0,728.0,0.9032,0.9960496613995485,0.8825,0.9358430540827146,493.0,7.0,235.0,1765.0,0.93425
0.135,-0.045,True,2500,1758.0,742.0,742.0,0.9032,1.0,0.879,0.9356040447046301,500.0,0.0,242.0,1758.0,0.9395
0.075,0.045,True,2500,2228.0,272.0,272.0,0.9024,0.8940754039497307,0.996,0.9422894985808893,264.0,236.0,8.0,1992.0,0.762
0.125,-0.085,True,2500,1760.0,740.0,740.0,0.9024,0.9988636363636364,0.879,0.9351063829787234,498.0,2.0,242.0,1758.0,0.9375
0.105,0.055,True,2500,2180.0,320.0,320.0,0.9016,0.9022935779816513,0.9835,0.9411483253588516,287.0,213.0,33.0,1967.0,0.77875
0.145,0.005,True,2500,1752.0,748.0,748.0,0.9008,1.0,0.876,0.933901918976546,500.0,0.0,248.0,1752.0,0.938
0.115,-0.125,True,2500,1763.0,737.0,737.0,0.8996,0.9960294951786727,0.878,0.9332979006112144,493.0,7.0,244.0,1756.0,0.9319999999999999
0.155,0.035,True,2500,1796.0,704.0,704.0,0.8992,0.9866369710467706,0.886,0.933614330874605,476.0,24.0,228.0,1772.0,0.919
0.135,-0.055,True,2500,1746.0,754.0,754.0,0.8984,1.0,0.873,0.9321943406300054,500.0,0.0,254.0,1746.0,0.9365
0.145,-0.005,True,2500,1745.0,755.0,755.0,0.898,1.0,0.8725,0.9319092122830441,500.0,0.0,255.0,1745.0,0.93625
0.085,0.055,True,2500,2230.0,270.0,270.0,0.8976,0.8910313901345291,0.9935,0.9394799054373524,257.0,243.0,13.0,1987.0,0.75375
0.125,-0.095,True,2500,1745.0,755.0,755.0,0.8964,0.9988538681948425,0.8715,0.9308411214953273,498.0,2.0,257.0,1743.0,0.9337500000000001
0.115,0.055,True,2500,2166.0,334.0,334.0,0.896,0.9016620498614959,0.9765,0.9375900144023044,287.0,213.0,47.0,1953.0,0.77525
0.145,-0.015,True,2500,1740.0,760.0,760.0,0.896,1.0,0.87,0.9304812834224598,500.0,0.0,260.0,1740.0,0.935
0.155,0.045,True,2500,1912.0,588.0,588.0,0.8944,0.9539748953974896,0.912,0.9325153374233129,412.0,88.0,176.0,1824.0,0.868
0.155,0.025,True,2500,1744.0,756.0,756.0,0.8944,0.9977064220183486,0.87,0.9294871794871795,496.0,4.0,260.0,1740.0,0.931
0.135,-0.065,True,2500,1731.0,769.0,769.0,0.8924,1.0,0.8655,0.9279013669257572,500.0,0.0,269.0,1731.0,0.93275
0.125,0.055,True,2500,2150.0,350.0,350.0,0.892,0.9023255813953488,0.97,0.9349397590361446,290.0,210.0,60.0,1940.0,0.7749999999999999
0.145,-0.025,True,2500,1724.0,776.0,776.0,0.8896,1.0,0.862,0.9258861439312567,500.0,0.0,276.0,1724.0,0.931
0.155,0.015,True,2500,1723.0,777.0,777.0,0.8892,1.0,0.8615,0.9255976363148,500.0,0.0,277.0,1723.0,0.93075
0.125,-0.105,True,2500,1722.0,778.0,778.0,0.8872,0.9988385598141696,0.86,0.9242342826437399,498.0,2.0,280.0,1720.0,0.9279999999999999
0.165,0.035,True,2500,1764.0,736.0,736.0,0.8864,0.9863945578231292,0.87,0.924548352816153,476.0,24.0,260.0,1740.0,0.911
0.135,0.055,True,2500,2129.0,371.0,371.0,0.8852,0.9023015500234852,0.9605,0.9304916444659725,292.0,208.0,79.0,1921.0,0.77225
0.165,0.045,True,2500,1889.0,611.0,611.0,0.8852,0.953414505029116,0.9005,0.9262021085111853,412.0,88.0,199.0,1801.0,0.86225
0.145,-0.035,True,2500,1713.0,787.0,787.0,0.8852,1.0,0.8565,0.9227040129275519,500.0,0.0,287.0,1713.0,0.92825
0.135,-0.075,True,2500,1712.0,788.0,788.0,0.8848,1.0,0.856,0.9224137931034483,500.0,0.0,288.0,1712.0,0.9279999999999999
0.155,0.005,True,2500,1708.0,792.0,792.0,0.8832,1.0,0.854,0.9212513484358144,500.0,0.0,292.0,1708.0,0.927
0.145,-0.045,True,2500,1703.0,797.0,797.0,0.8812,1.0,0.8515,0.9197947610045908,500.0,0.0,297.0,1703.0,0.9257500000000001
0.125,-0.115,True,2500,1706.0,794.0,794.0,0.8808,0.9988276670574443,0.852,0.91958985429034,498.0,2.0,296.0,1704.0,0.9239999999999999
0.135,-0.085,True,2500,1702.0,798.0,798.0,0.8808,1.0,0.851,0.9195029713668287,500.0,0.0,298.0,1702.0,0.9255
0.155,-0.005,True,2500,1698.0,802.0,802.0,0.8792,1.0,0.849,0.918334234721471,500.0,0.0,302.0,1698.0,0.9245
0.165,0.025,True,2500,1705.0,795.0,795.0,0.8788,0.9976539589442815,0.8505,0.9182186234817814,496.0,4.0,299.0,1701.0,0.92125
0.145,0.055,True,2500,2111.0,389.0,389.0,0.878,0.901468498342018,0.9515,0.9258088056433958,292.0,208.0,97.0,1903.0,0.7677499999999999
0.175,0.045,True,2500,1869.0,631.0,631.0,0.8772,0.9529159978598181,0.8905,0.9206513310933057,412.0,88.0,219.0,1781.0,0.85725
0.155,-0.015,True,2500,1692.0,808.0,808.0,0.8768,1.0,0.846,0.9165763813651137,500.0,0.0,308.0,1692.0,0.923
0.145,-0.055,True,2500,1691.0,809.0,809.0,0.8764,1.0,0.8455,0.9162828501761041,500.0,0.0,309.0,1691.0,0.92275
0.125,-0.125,True,2500,1694.0,806.0,806.0,0.876,0.9988193624557261,0.846,0.916080129940444,498.0,2.0,308.0,1692.0,0.921
0.175,0.035,True,2500,1737.0,763.0,763.0,0.8756,0.9861830742659758,0.8565,0.9167781643029168,476.0,24.0,287.0,1713.0,0.90425
0.135,-0.095,True,2500,1685.0,815.0,815.0,0.874,1.0,0.8425,0.9145183175033922,500.0,0.0,315.0,1685.0,0.92125
0.155,0.055,True,2500,2099.0,401.0,401.0,0.8732,0.9009051929490234,0.9455,0.9226640644059527,292.0,208.0,109.0,1891.0,0.76475
0.165,0.015,True,2500,1677.0,823.0,823.0,0.8708,1.0,0.8385,0.9121566494424803,500.0,0.0,323.0,1677.0,0.91925
0.145,-0.065,True,2500,1675.0,825.0,825.0,0.87,1.0,0.8375,0.9115646258503401,500.0,0.0,325.0,1675.0,0.91875
0.155,-0.025,True,2500,1675.0,825.0,825.0,0.87,1.0,0.8375,0.9115646258503401,500.0,0.0,325.0,1675.0,0.91875
0.075,0.055,True,2500,2312.0,188.0,188.0,0.8696,0.8620242214532872,0.9965,0.9243970315398886,181.0,319.0,7.0,1993.0,0.67925
0.185,0.045,True,2500,1847.0,653.0,653.0,0.8684,0.9523551705468327,0.8795,0.9144788146607746,412.0,88.0,241.0,1759.0,0.85175
0.165,0.055,True,2500,2084.0,416.0,416.0,0.8672,0.9001919385796545,0.938,0.9187071498530852,292.0,208.0,124.0,1876.0,0.7609999999999999
0.155,-0.035,True,2500,1664.0,836.0,836.0,0.8656,1.0,0.832,0.9082969432314411,500.0,0.0,336.0,1664.0,0.9159999999999999
0.175,0.025,True,2500,1671.0,829.0,829.0,0.8652,0.997606223818073,0.8335,0.9081994007082538,496.0,4.0,333.0,1667.0,0.91275
0.175,0.055,True,2500,2077.0,423.0,423.0,0.8644,0.8998555609051516,0.9345,0.9168506254598969,292.0,208.0,131.0,1869.0,0.75925
0.185,0.035,True,2500,1709.0,791.0,791.0,0.8644,0.9859566998244588,0.8425,0.9086007009975734,476.0,24.0,315.0,1685.0,0.89725
0.165,0.005,True,2500,1661.0,839.0,839.0,0.8644,1.0,0.8305,0.9074023490849494,500.0,0.0,339.0,1661.0,0.91525
0.065,0.025,True,2500,2333.0,167.0,167.0,0.862,0.8546935276468067,0.997,0.9203784906531272,161.0,339.0,6.0,1994.0,0.6595
0.065,0.015,True,2500,2331.0,169.0,169.0,0.862,0.854997854997855,0.9965,0.9203417224659433,162.0,338.0,7.0,1993.0,0.66025
0.195,0.045,True,2500,1831.0,669.0,669.0,0.862,0.9519388312397596,0.8715,0.9099451840250588,412.0,88.0,257.0,1743.0,0.84775
0.065,-0.005,True,2500,2330.0,170.0,170.0,0.8616,0.8549356223175966,0.996,0.9200923787528869,162.0,338.0,8.0,1992.0,0.66
0.065,0.005,True,2500,2330.0,170.0,170.0,0.8616,0.8549356223175966,0.996,0.9200923787528869,162.0,338.0,8.0,1992.0,0.66
0.135,-0.105,True,2500,1654.0,846.0,846.0,0.8616,1.0,0.827,0.9053092501368363,500.0,0.0,346.0,1654.0,0.9135
0.155,-0.045,True,2500,1654.0,846.0,846.0,0.8616,1.0,0.827,0.9053092501368363,500.0,0.0,346.0,1654.0,0.9135
0.065,-0.015,True,2500,2329.0,171.0,171.0,0.8612,0.8548733361957922,0.9955,0.9198429198429198,162.0,338.0,9.0,1991.0,0.6597500000000001
0.065,0.035,True,2500,2340.0,160.0,160.0,0.86,0.8525641025641025,0.9975,0.9193548387096774,155.0,345.0,5.0,1995.0,0.65375
0.145,-0.075,True,2500,1650.0,850.0,850.0,0.86,1.0,0.825,0.9041095890410958,500.0,0.0,350.0,1650.0,0.9125
0.165,-0.005,True,2500,1650.0,850.0,850.0,0.86,1.0,0.825,0.9041095890410958,500.0,0.0,350.0,1650.0,0.9125
0.065,-0.025,True,2500,2323.0,177.0,177.0,0.8588,0.8544984933275936,0.9925,0.9183437427712238,162.0,338.0,15.0,1985.0,0.65825
0.065,-0.035,True,2500,2322.0,178.0,178.0,0.8584,0.8544358311800172,0.992,0.918093475242943,162.0,338.0,16.0,1984.0,0.658
0.185,0.055,True,2500,2062.0,438.0,438.0,0.8584,0.8991270611057226,0.927,0.912850812407681,292.0,208.0,146.0,1854.0,0.7555000000000001
0.165,-0.015,True,2500,1644.0,856.0,856.0,0.8576,1.0,0.822,0.9023051591657518,500.0,0.0,356.0,1644.0,0.911
0.065,-0.045,True,2500,2318.0,182.0,182.0,0.8568,0.8541846419327006,0.99,0.9170912459471978,162.0,338.0,20.0,1980.0,0.657
0.205,0.045,True,2500,1818.0,682.0,682.0,0.8568,0.9515951595159516,0.865,0.9062336301728655,412.0,88.0,270.0,1730.0,0.8445
0.155,-0.055,True,2500,1640.0,860.0,860.0,0.856,1.0,0.82,0.9010989010989011,500.0,0.0,360.0,1640.0,0.9099999999999999
0.175,0.015,True,2500,1640.0,860.0,860.0,0.856,1.0,0.82,0.9010989010989011,500.0,0.0,360.0,1640.0,0.9099999999999999
0.065,-0.055,True,2500,2315.0,185.0,185.0,0.8556,0.8539956803455724,0.9885,0.9163383545770569,162.0,338.0,23.0,1977.0,0.65625
0.195,0.055,True,2500,2055.0,445.0,445.0,0.8556,0.8987834549878345,0.9235,0.9109741060419234,292.0,208.0,153.0,1847.0,0.7537499999999999
0.195,0.035,True,2500,1686.0,814.0,814.0,0.8552,0.9857651245551602,0.831,0.9017905588714054,476.0,24.0,338.0,1662.0,0.8915
0.145,-0.085,True,2500,1637.0,863.0,863.0,0.8548,1.0,0.8185,0.9001924663183943,500.0,0.0,363.0,1637.0,0.90925
0.215,0.045,True,2500,1812.0,688.0,688.0,0.8544,0.9514348785871964,0.862,0.9045120671563485,412.0,88.0,276.0,1724.0,0.843
0.065,-0.065,True,2500,2311.0,189.0,189.0,0.854,0.8537429684119429,0.9865,0.9153328694038506,162.0,338.0,27.0,1973.0,0.65525
0.135,-0.115,True,2500,1635.0,865.0,865.0,0.854,1.0,0.8175,0.8995873452544705,500.0,0.0,365.0,1635.0,0.90875
0.065,-0.075,True,2500,2308.0,192.0,192.0,0.8528,0.8535528596187175,0.985,0.9145775301764161,162.0,338.0,30.0,1970.0,0.6545
0.185,0.025,True,2500,1639.0,861.0,861.0,0.8524,0.9975594874923734,0.8175,0.8985985160758451,496.0,4.0,365.0,1635.0,0.9047499999999999
0.065,-0.085,True,2500,2305.0,195.0,195.0,0.8516,0.8533622559652928,0.9835,0.913821138211382,162.0,338.0,33.0,1967.0,0.65375
0.205,0.055,True,2500,2045.0,455.0,455.0,0.8516,0.8982885085574572,0.9185,0.9082818294190358,292.0,208.0,163.0,1837.0,0.75125
0.215,0.055,True,2500,2043.0,457.0,457.0,0.8508,0.8981889378365149,0.9175,0.9077417759089784,292.0,208.0,165.0,1835.0,0.75075
0.165,-0.025,True,2500,1626.0,874.0,874.0,0.8504,1.0,0.813,0.8968560397131825,500.0,0.0,374.0,1626.0,0.9065
0.065,-0.095,True,2500,2301.0,199.0,199.0,0.85,0.8531073446327684,0.9815,0.9128109741920484,162.0,338.0,37.0,1963.0,0.65275
0.155,-0.065,True,2500,1623.0,877.0,877.0,0.8492,1.0,0.8115,0.8959425890146288,500.0,0.0,377.0,1623.0,0.90575
0.095,0.065,True,2500,2359.0,141.0,141.0,0.8484,0.8435777871979653,0.995,0.9130534526267492,131.0,369.0,10.0,1990.0,0.6285000000000001
0.065,-0.105,True,2500,2297.0,203.0,203.0,0.8484,0.8528515454941228,0.9795,0.9117989294856876,162.0,338.0,41.0,1959.0,0.65175
0.175,0.005,True,2500,1621.0,879.0,879.0,0.8484,1.0,0.8105,0.8953327809997238,500.0,0.0,379.0,1621.0,0.90525
0.205,0.035,True,2500,1668.0,832.0,832.0,0.848,0.9856115107913669,0.822,0.8964013086150491,476.0,24.0,356.0,1644.0,0.887
0.135,-0.125,True,2500,1620.0,880.0,880.0,0.848,1.0,0.81,0.8950276243093923,500.0,0.0,380.0,1620.0,0.905
0.065,0.045,True,2500,2375.0,125.0,125.0,0.8476,0.840842105263158,0.9985,0.9129142857142858,122.0,378.0,3.0,1997.0,0.6212500000000001
0.105,0.065,True,2500,2351.0,149.0,149.0,0.8468,0.8438962143768609,0.992,0.9119742587910825,133.0,367.0,16.0,1984.0,0.629
0.065,-0.115,True,2500,2293.0,207.0,207.0,0.8468,0.8525948539031836,0.9775,0.9107849988353133,162.0,338.0,45.0,1955.0,0.65075
0.065,-0.125,True,2500,2292.0,208.0,208.0,0.8464,0.8525305410122164,0.977,0.9105312208760484,162.0,338.0,46.0,1954.0,0.6505
0.145,-0.095,True,2500,1615.0,885.0,885.0,0.846,1.0,0.8075,0.8934993084370677,500.0,0.0,385.0,1615.0,0.90375
0.085,0.065,True,2500,2372.0,128.0,128.0,0.8456,0.8402192242833052,0.9965,0.9117108874656908,121.0,379.0,7.0,1993.0,0.6192500000000001
0.115,0.065,True,2500,2348.0,152.0,152.0,0.8456,0.8436967632027257,0.9905,0.9112235510579576,133.0,367.0,19.0,1981.0,0.62825
0.165,-0.035,True,2500,1614.0,886.0,886.0,0.8456,1.0,0.807,0.8931931377974545,500.0,0.0,386.0,1614.0,0.9035
0.215,0.035,True,2500,1659.0,841.0,841.0,0.8444,0.9855334538878843,0.8175,0.8936867996720416,476.0,24.0,365.0,1635.0,0.8847499999999999
0.175,-0.005,True,2500,1610.0,890.0,890.0,0.844,1.0,0.805,0.89196675900277,500.0,0.0,390.0,1610.0,0.9025000000000001
0.125,0.065,True,2500,2339.0,161.0,161.0,0.8428,0.8435228730226593,0.9865,0.9094261350541599,134.0,366.0,27.0,1973.0,0.6272500000000001
0.195,0.025,True,2500,1614.0,886.0,886.0,0.8424,0.9975216852540273,0.805,0.8909795240730493,496.0,4.0,390.0,1610.0,0.8985000000000001
0.175,-0.015,True,2500,1604.0,896.0,896.0,0.8416,1.0,0.802,0.8901220865704773,500.0,0.0,396.0,1604.0,0.901
0.185,0.015,True,2500,1604.0,896.0,896.0,0.8416,1.0,0.802,0.8901220865704773,500.0,0.0,396.0,1604.0,0.901
0.165,-0.045,True,2500,1601.0,899.0,899.0,0.8404,1.0,0.8005,0.8891974451541238,500.0,0.0,399.0,1601.0,0.90025
0.135,0.065,True,2500,2325.0,175.0,175.0,0.838,0.843010752688172,0.98,0.9063583815028902,135.0,365.0,40.0,1960.0,0.625
0.155,-0.075,True,2500,1595.0,905.0,905.0,0.838,1.0,0.7975,0.8873435326842838,500.0,0.0,405.0,1595.0,0.8987499999999999
0.145,0.065,True,2500,2317.0,183.0,183.0,0.8348,0.842468709538196,0.976,0.9043317118369238,135.0,365.0,48.0,1952.0,0.623
0.165,-0.055,True,2500,1587.0,913.0,913.0,0.8348,1.0,0.7935,0.884862001672707,500.0,0.0,413.0,1587.0,0.8967499999999999
0.205,0.025,True,2500,1593.0,907.0,907.0,0.834,0.997489014438167,0.7945,0.884497634288895,496.0,4.0,411.0,1589.0,0.89325
0.145,-0.105,True,2500,1582.0,918.0,918.0,0.8328,1.0,0.791,0.8833054159687326,500.0,0.0,418.0,1582.0,0.8955
0.175,-0.025,True,2500,1582.0,918.0,918.0,0.8328,1.0,0.791,0.8833054159687326,500.0,0.0,418.0,1582.0,0.8955
0.185,0.005,True,2500,1581.0,919.0,919.0,0.8324,1.0,0.7905,0.8829935772130689,500.0,0.0,419.0,1581.0,0.89525
0.155,0.065,True,2500,2310.0,190.0,190.0,0.832,0.841991341991342,0.9725,0.9025522041763341,135.0,365.0,55.0,1945.0,0.6212500000000001
0.155,-0.085,True,2500,1580.0,920.0,920.0,0.832,1.0,0.79,0.8826815642458101,500.0,0.0,420.0,1580.0,0.895
0.195,0.015,True,2500,1579.0,921.0,921.0,0.8316,1.0,0.7895,0.8823693769209277,500.0,0.0,421.0,1579.0,0.8947499999999999
0.215,0.025,True,2500,1583.0,917.0,917.0,0.83,0.9974731522425774,0.7895,0.8813843148199833,496.0,4.0,421.0,1579.0,0.8907499999999999
0.165,0.065,True,2500,2303.0,197.0,197.0,0.8292,0.8415110725141121,0.969,0.9007669068092029,135.0,365.0,62.0,1938.0,0.6194999999999999
0.175,0.065,True,2500,2300.0,200.0,200.0,0.828,0.841304347826087,0.9675,0.9000000000000001,135.0,365.0,65.0,1935.0,0.61875
0.175,-0.035,True,2500,1570.0,930.0,930.0,0.828,1.0,0.785,0.8795518207282913,500.0,0.0,430.0,1570.0,0.8925000000000001
0.185,-0.005,True,2500,1570.0,930.0,930.0,0.828,1.0,0.785,0.8795518207282913,500.0,0.0,430.0,1570.0,0.8925000000000001
0.165,-0.065,True,2500,1567.0,933.0,933.0,0.8268,1.0,0.7835,0.8786094757499299,500.0,0.0,433.0,1567.0,0.89175
0.075,0.065,True,2500,2428.0,72.0,72.0,0.8264,0.8224876441515651,0.9985,0.9019873532068654,69.0,431.0,3.0,1997.0,0.56825
0.185,0.065,True,2500,2294.0,206.0,206.0,0.8256,0.8408892763731474,0.9645,0.8984629715882628,135.0,365.0,71.0,1929.0,0.6172500000000001
0.185,-0.015,True,2500,1563.0,937.0,937.0,0.8252,1.0,0.7815,0.8773505472916082,500.0,0.0,437.0,1563.0,0.8907499999999999
0.195,0.065,True,2500,2292.0,208.0,208.0,0.8248,0.8407504363001745,0.9635,0.8979496738117428,135.0,365.0,73.0,1927.0,0.61675
0.065,0.055,True,2500,2435.0,65.0,65.0,0.8236,0.820123203285421,0.9985,0.9005636978579482,62.0,438.0,3.0,1997.0,0.56125
0.145,-0.115,True,2500,1559.0,941.0,941.0,0.8236,1.0,0.7795,0.8760887889856701,500.0,0.0,441.0,1559.0,0.88975
0.205,0.015,True,2500,1558.0,942.0,942.0,0.8232,1.0,0.779,0.8757729061270377,500.0,0.0,442.0,1558.0,0.8895
0.155,-0.095,True,2500,1557.0,943.0,943.0,0.8228,1.0,0.7785,0.8754568456564521,500.0,0.0,443.0,1557.0,0.88925
0.205,0.065,True,2500,2286.0,214.0,214.0,0.8224,0.8403324584426947,0.9605,0.896406906206253,135.0,365.0,79.0,1921.0,0.6152500000000001
0.175,-0.045,True,2500,1556.0,944.0,944.0,0.8224,1.0,0.778,0.875140607424072,500.0,0.0,444.0,1556.0,0.889
0.215,0.065,True,2500,2285.0,215.0,215.0,0.822,0.8402625820568927,0.96,0.896149358226371,135.0,365.0,80.0,1920.0,0.615
0.195,0.005,True,2500,1554.0,946.0,946.0,0.8216,1.0,0.777,0.8745075970737197,500.0,0.0,446.0,1554.0,0.8885000000000001
0.055,-0.005,True,2500,2446.0,54.0,54.0,0.8192,0.8164349959116926,0.9985,0.8983355825461088,51.0,449.0,3.0,1997.0,0.55025
0.055,0.005,True,2500,2446.0,54.0,54.0,0.8192,0.8164349959116926,0.9985,0.8983355825461088,51.0,449.0,3.0,1997.0,0.55025
0.055,0.015,True,2500,2446.0,54.0,54.0,0.8192,0.8164349959116926,0.9985,0.8983355825461088,51.0,449.0,3.0,1997.0,0.55025
0.055,0.035,True,2500,2449.0,51.0,51.0,0.8188,0.8158432013066558,0.999,0.8981793661496965,49.0,451.0,2.0,1998.0,0.5485
0.055,0.025,True,2500,2447.0,53.0,53.0,0.8188,0.8161013485901103,0.9985,0.8981335731954126,50.0,450.0,3.0,1997.0,0.54925
0.055,-0.015,True,2500,2445.0,55.0,55.0,0.8188,0.816359918200409,0.998,0.8980877390326208,51.0,449.0,4.0,1996.0,0.55
0.215,0.015,True,2500,1547.0,953.0,953.0,0.8188,1.0,0.7735,0.8722864392444319,500.0,0.0,453.0,1547.0,0.8867499999999999
0.055,-0.025,True,2500,2442.0,58.0,58.0,0.8176,0.8161343161343161,0.9965,0.8973435389464205,51.0,449.0,7.0,1993.0,0.54925
0.055,-0.035,True,2500,2441.0,59.0,59.0,0.8172,0.8160589922163048,0.996,0.8970952488178338,51.0,449.0,8.0,1992.0,0.549
0.195,-0.005,True,2500,1542.0,958.0,958.0,0.8168,1.0,0.771,0.870694522868436,500.0,0.0,458.0,1542.0,0.8855
0.055,-0.045,True,2500,2438.0,62.0,62.0,0.816,0.8158326497128794,0.9945,0.8963497070752592,51.0,449.0,11.0,1989.0,0.54825
0.175,-0.055,True,2500,1540.0,960.0,960.0,0.816,1.0,0.77,0.8700564971751412,500.0,0.0,460.0,1540.0,0.885
0.185,-0.025,True,2500,1540.0,960.0,960.0,0.816,1.0,0.77,0.8700564971751412,500.0,0.0,460.0,1540.0,0.885
0.145,-0.125,True,2500,1539.0,961.0,961.0,0.8156,1.0,0.7695,0.8697372139022324,500.0,0.0,461.0,1539.0,0.8847499999999999
0.055,-0.055,True,2500,2436.0,64.0,64.0,0.8152,0.8156814449917899,0.9935,0.8958521190261498,51.0,449.0,13.0,1987.0,0.5477500000000001
0.165,-0.075,True,2500,1538.0,962.0,962.0,0.8152,1.0,0.769,0.8694177501413227,500.0,0.0,462.0,1538.0,0.8845000000000001
0.055,-0.065,True,2500,2433.0,67.0,67.0,0.814,0.8154541718043568,0.992,0.8951048951048951,51.0,449.0,16.0,1984.0,0.547
0.095,0.075,True,2500,2464.0,36.0,36.0,0.8136,0.8112824675324676,0.9995,0.8956093189964158,35.0,465.0,1.0,1999.0,0.5347500000000001
0.055,-0.075,True,2500,2432.0,68.0,68.0,0.8136,0.8153782894736842,0.9915,0.89485559566787,51.0,449.0,17.0,1983.0,0.5467500000000001
0.195,-0.015,True,2500,1534.0,966.0,966.0,0.8136,1.0,0.767,0.8681380871533674,500.0,0.0,466.0,1534.0,0.8835
0.055,-0.085,True,2500,2431.0,69.0,69.0,0.8132,0.8153023447141095,0.991,0.8946061837057098,51.0,449.0,18.0,1982.0,0.5465
0.055,0.045,True,2500,2468.0,32.0,32.0,0.8128,0.8103727714748784,1.0,0.8952551477170994,32.0,468.0,0.0,2000.0,0.532
0.105,0.075,True,2500,2461.0,39.0,39.0,0.8124,0.8110524177163755,0.998,0.8948666218336695,35.0,465.0,4.0,1996.0,0.534
0.205,0.005,True,2500,1531.0,969.0,969.0,0.8124,1.0,0.7655,0.8671764372698952,500.0,0.0,469.0,1531.0,0.8827499999999999
0.115,0.075,True,2500,2460.0,40.0,40.0,0.812,0.8109756097560976,0.9975,0.8946188340807175,35.0,465.0,5.0,1995.0,0.5337500000000001
0.055,-0.095,True,2500,2428.0,72.0,72.0,0.812,0.8150741350906096,0.9895,0.8938572719060525,51.0,449.0,21.0,1979.0,0.5457500000000001
0.085,0.075,True,2500,2469.0,31.0,31.0,0.8116,0.8096395301741596,0.9995,0.8946072946968002,30.0,470.0,1.0,1999.0,0.52975
0.055,-0.105,True,2500,2424.0,76.0,76.0,0.8104,0.8147689768976898,0.9875,0.8928571428571428,51.0,449.0,25.0,1975.0,0.5447500000000001
0.185,-0.035,True,2500,1526.0,974.0,974.0,0.8104,1.0,0.763,0.8655700510493478,500.0,0.0,474.0,1526.0,0.8815
0.055,-0.115,True,2500,2423.0,77.0,77.0,0.81,0.8146925299215848,0.987,0.8926068279448337,51.0,449.0,26.0,1974.0,0.5445
0.125,0.075,True,2500,2454.0,46.0,46.0,0.8096,0.8105134474327629,0.9945,0.8931297709923665,35.0,465.0,11.0,1989.0,0.53225
0.055,-0.125,True,2500,2422.0,78.0,78.0,0.8096,0.814616019818332,0.9865,0.8923563998190864,51.0,449.0,27.0,1973.0,0.54425
0.155,-0.105,True,2500,1522.0,978.0,978.0,0.8088,1.0,0.761,0.8642816581487791,500.0,0.0,478.0,1522.0,0.8805000000000001
0.165,-0.085,True,2500,1520.0,980.0,980.0,0.808,1.0,0.76,0.8636363636363636,500.0,0.0,480.0,1520.0,0.88
0.175,-0.065,True,2500,1520.0,980.0,980.0,0.808,1.0,0.76,0.8636363636363636,500.0,0.0,480.0,1520.0,0.88
0.215,0.005,True,2500,1520.0,980.0,980.0,0.808,1.0,0.76,0.8636363636363636,500.0,0.0,480.0,1520.0,0.88
0.135,0.075,True,2500,2448.0,52.0,52.0,0.8072,0.8100490196078431,0.9915,0.891636690647482,35.0,465.0,17.0,1983.0,0.53075
0.205,-0.005,True,2500,1518.0,982.0,982.0,0.8072,1.0,0.759,0.8629903354178511,500.0,0.0,482.0,1518.0,0.8795
0.145,0.075,True,2500,2445.0,55.0,55.0,0.806,0.8098159509202454,0.99,0.890888638920135,35.0,465.0,20.0,1980.0,0.53
0.155,0.075,True,2500,2443.0,57.0,57.0,0.8052,0.8096602537863283,0.989,0.8903893765473779,35.0,465.0,22.0,1978.0,0.5295
0.185,-0.045,True,2500,1511.0,989.0,989.0,0.8044,1.0,0.7555,0.8607234406152092,500.0,0.0,489.0,1511.0,0.87775
0.195,-0.025,True,2500,1510.0,990.0,990.0,0.804,1.0,0.755,0.8603988603988605,500.0,0.0,490.0,1510.0,0.8775
0.205,-0.015,True,2500,1510.0,990.0,990.0,0.804,1.0,0.755,0.8603988603988605,500.0,0.0,490.0,1510.0,0.8775
0.165,0.075,True,2500,2439.0,61.0,61.0,0.8036,0.8093480934809348,0.987,0.8893895021401217,35.0,465.0,26.0,1974.0,0.5285
0.175,0.075,True,2500,2438.0,62.0,62.0,0.8032,0.8092698933552092,0.9865,0.8891392519152771,35.0,465.0,27.0,1973.0,0.52825
0.215,-0.005,True,2500,1506.0,994.0,994.0,0.8024,1.0,0.753,0.8590986879634911,500.0,0.0,494.0,1506.0,0.8765000000000001
0.185,0.075,True,2500,2434.0,66.0,66.0,0.8016,0.8089564502875924,0.9845,0.8881371222372575,35.0,465.0,31.0,1969.0,0.52725
0.045,-0.015,True,2500,2497.0,3.0,3.0,0.8012,0.8009611533840608,1.0,0.88948187680676,3.0,497.0,0.0,2000.0,0.503
0.045,-0.005,True,2500,2497.0,3.0,3.0,0.8012,0.8009611533840608,1.0,0.88948187680676,3.0,497.0,0.0,2000.0,0.503
0.045,0.005,True,2500,2497.0,3.0,3.0,0.8012,0.8009611533840608,1.0,0.88948187680676,3.0,497.0,0.0,2000.0,0.503
0.045,0.015,True,2500,2497.0,3.0,3.0,0.8012,0.8009611533840608,1.0,0.88948187680676,3.0,497.0,0.0,2000.0,0.503
0.045,0.025,True,2500,2497.0,3.0,3.0,0.8012,0.8009611533840608,1.0,0.88948187680676,3.0,497.0,0.0,2000.0,0.503
0.195,0.075,True,2500,2433.0,67.0,67.0,0.8012,0.8088779284833539,0.984,0.8878863072411459,35.0,465.0,32.0,1968.0,0.527
0.045,0.035,True,2500,2498.0,2.0,2.0,0.8008,0.800640512409928,1.0,0.889284126278346,2.0,498.0,0.0,2000.0,0.502
0.095,0.085,True,2500,2498.0,2.0,2.0,0.8008,0.800640512409928,1.0,0.889284126278346,2.0,498.0,0.0,2000.0,0.502
0.045,-0.035,True,2500,2496.0,4.0,4.0,0.8008,0.8008814102564102,0.9995,0.8892348754448398,3.0,497.0,1.0,1999.0,0.50275
0.045,-0.025,True,2500,2496.0,4.0,4.0,0.8008,0.8008814102564102,0.9995,0.8892348754448398,3.0,497.0,1.0,1999.0,0.50275
0.045,-0.055,True,2500,2495.0,5.0,5.0,0.8004,0.8008016032064128,0.999,0.888987764182425,3.0,497.0,2.0,1998.0,0.5025
0.045,-0.045,True,2500,2495.0,5.0,5.0,0.8004,0.8008016032064128,0.999,0.888987764182425,3.0,497.0,2.0,1998.0,0.5025
0.205,0.075,True,2500,2431.0,69.0,69.0,0.8004,0.8087206910736322,0.983,0.8873843376213043,35.0,465.0,34.0,1966.0,0.5265
0.215,0.075,True,2500,2431.0,69.0,69.0,0.8004,0.8087206910736322,0.983,0.8873843376213043,35.0,465.0,34.0,1966.0,0.5265
0.015,-0.125,True,2500,2500.0,0.0,0.0,0.8,0.8,1.0,0.888888888888889,0.0,500.0,0.0,2000.0,0.5
0.015,-0.115,True,2500,2500.0,0.0,0.0,0.8,0.8,1.0,0.888888888888889,0.0,500.0,0.0,2000.0,0.5
0.015,-0.105,True,2500,2500.0,0.0,0.0,0.8,0.8,1.0,0.888888888888889,0.0,500.0,0.0,2000.0,0.5
0.015,-0.095,True,2500,2500.0,0.0,0.0,0.8,0.8,1.0,0.888888888888889,0.0,500.0,0.0,2000.0,0.5
0.015,-0.085,True,2500,2500.0,0.0,0.0,0.8,0.8,1.0,0.888888888888889,0.0,500.0,0.0,2000.0,0.5
0.015,-0.075,True,2500,2500.0,0.0,0.0,0.8,0.8,1.0,0.888888888888889,0.0,500.0,0.0,2000.0,0.5
0.015,-0.065,True,2500,2500.0,0.0,0.0,0.8,0.8,1.0,0.888888888888889,0.0,500.0,0.0,2000.0,0.5
0.015,-0.055,True,2500,2500.0,0.0,0.0,0.8,0.8,1.0,0.888888888888889,0.0,500.0,0.0,2000.0,0.5
0.015,-0.045,True,2500,2500.0,0.0,0.0,0.8,0.8,1.0,0.888888888888889,0.0,500.0,0.0,2000.0,0.5
0.015,-0.035,True,2500,2500.0,0.0,0.0,0.8,0.8,1.0,0.888888888888889,0.0,500.0,0.0,2000.0,0.5
0.015,-0.025,True,2500,2500.0,0.0,0.0,0.8,0.8,1.0,0.888888888888889,0.0,500.0,0.0,2000.0,0.5
0.015,-0.015,True,2500,2500.0,0.0,0.0,0.8,0.8,1.0,0.888888888888889,0.0,500.0,0.0,2000.0,0.5
0.015,-0.005,True,2500,2500.0,0.0,0.0,0.8,0.8,1.0,0.888888888888889,0.0,500.0,0.0,2000.0,0.5
0.015,0.005,True,2500,2500.0,0.0,0.0,0.8,0.8,1.0,0.888888888888889,0.0,500.0,0.0,2000.0,0.5
0.025,-0.015,True,2500,2500.0,0.0,0.0,0.8,0.8,1.0,0.888888888888889,0.0,500.0,0.0,2000.0,0.5
0.025,-0.005,True,2500,2500.0,0.0,0.0,0.8,0.8,1.0,0.888888888888889,0.0,500.0,0.0,2000.0,0.5
0.025,0.005,True,2500,2500.0,0.0,0.0,0.8,0.8,1.0,0.888888888888889,0.0,500.0,0.0,2000.0,0.5
0.025,0.015,True,2500,2500.0,0.0,0.0,0.8,0.8,1.0,0.888888888888889,0.0,500.0,0.0,2000.0,0.5
0.035,-0.015,True,2500,2500.0,0.0,0.0,0.8,0.8,1.0,0.888888888888889,0.0,500.0,0.0,2000.0,0.5
0.035,-0.005,True,2500,2500.0,0.0,0.0,0.8,0.8,1.0,0.888888888888889,0.0,500.0,0.0,2000.0,0.5
0.035,0.005,True,2500,2500.0,0.0,0.0,0.8,0.8,1.0,0.888888888888889,0.0,500.0,0.0,2000.0,0.5
0.035,0.015,True,2500,2500.0,0.0,0.0,0.8,0.8,1.0,0.888888888888889,0.0,500.0,0.0,2000.0,0.5
0.035,0.025,True,2500,2500.0,0.0,0.0,0.8,0.8,1.0,0.888888888888889,0.0,500.0,0.0,2000.0,0.5
0.105,0.085,True,2500,2496.0,4.0,4.0,0.8,0.8004807692307693,0.999,0.8887900355871886,2.0,498.0,2.0,1998.0,0.5015
0.115,0.085,True,2500,2496.0,4.0,4.0,0.8,0.8004807692307693,0.999,0.8887900355871886,2.0,498.0,2.0,1998.0,0.5015
0.045,-0.075,True,2500,2494.0,6.0,6.0,0.8,0.8007217321571772,0.9985,0.8887405429461505,3.0,497.0,3.0,1997.0,0.50225
0.045,-0.065,True,2500,2494.0,6.0,6.0,0.8,0.8007217321571772,0.9985,0.8887405429461505,3.0,497.0,3.0,1997.0,0.50225
0.025,-0.125,True,2500,2499.0,1.0,1.0,0.7996,0.7999199679871949,0.9995,0.8886419204267615,0.0,500.0,1.0,1999.0,0.49975
0.025,-0.115,True,2500,2499.0,1.0,1.0,0.7996,0.7999199679871949,0.9995,0.8886419204267615,0.0,500.0,1.0,1999.0,0.49975
0.025,-0.105,True,2500,2499.0,1.0,1.0,0.7996,0.7999199679871949,0.9995,0.8886419204267615,0.0,500.0,1.0,1999.0,0.49975
0.025,-0.095,True,2500,2499.0,1.0,1.0,0.7996,0.7999199679871949,0.9995,0.8886419204267615,0.0,500.0,1.0,1999.0,0.49975
0.025,-0.085,True,2500,2499.0,1.0,1.0,0.7996,0.7999199679871949,0.9995,0.8886419204267615,0.0,500.0,1.0,1999.0,0.49975
0.025,-0.075,True,2500,2499.0,1.0,1.0,0.7996,0.7999199679871949,0.9995,0.8886419204267615,0.0,500.0,1.0,1999.0,0.49975
0.025,-0.065,True,2500,2499.0,1.0,1.0,0.7996,0.7999199679871949,0.9995,0.8886419204267615,0.0,500.0,1.0,1999.0,0.49975
0.025,-0.055,True,2500,2499.0,1.0,1.0,0.7996,0.7999199679871949,0.9995,0.8886419204267615,0.0,500.0,1.0,1999.0,0.49975
0.025,-0.045,True,2500,2499.0,1.0,1.0,0.7996,0.7999199679871949,0.9995,0.8886419204267615,0.0,500.0,1.0,1999.0,0.49975
0.025,-0.035,True,2500,2499.0,1.0,1.0,0.7996,0.7999199679871949,0.9995,0.8886419204267615,0.0,500.0,1.0,1999.0,0.49975
0.025,-0.025,True,2500,2499.0,1.0,1.0,0.7996,0.7999199679871949,0.9995,0.8886419204267615,0.0,500.0,1.0,1999.0,0.49975
0.035,-0.035,True,2500,2499.0,1.0,1.0,0.7996,0.7999199679871949,0.9995,0.8886419204267615,0.0,500.0,1.0,1999.0,0.49975
0.035,-0.025,True,2500,2499.0,1.0,1.0,0.7996,0.7999199679871949,0.9995,0.8886419204267615,0.0,500.0,1.0,1999.0,0.49975
0.125,0.085,True,2500,2495.0,5.0,5.0,0.7996,0.8004008016032064,0.9985,0.8885428253615129,2.0,498.0,3.0,1997.0,0.50125
0.045,-0.085,True,2500,2493.0,7.0,7.0,0.7996,0.8006417970316887,0.998,0.8884932116625862,3.0,497.0,4.0,1996.0,0.502
0.035,-0.055,True,2500,2498.0,2.0,2.0,0.7992,0.799839871897518,0.999,0.8883948421520677,0.0,500.0,2.0,1998.0,0.4995
0.035,-0.045,True,2500,2498.0,2.0,2.0,0.7992,0.799839871897518,0.999,0.8883948421520677,0.0,500.0,2.0,1998.0,0.4995
0.045,-0.095,True,2500,2492.0,8.0,8.0,0.7992,0.800561797752809,0.9975,0.8882457702582368,3.0,497.0,5.0,1995.0,0.50175
0.215,-0.015,True,2500,1498.0,1002.0,1002.0,0.7992,1.0,0.749,0.8564894225271583,500.0,0.0,502.0,1498.0,0.8745
0.035,-0.125,True,2500,2497.0,3.0,3.0,0.7988,0.7997597116539847,0.9985,0.8881476539915498,0.0,500.0,3.0,1997.0,0.49925
0.035,-0.115,True,2500,2497.0,3.0,3.0,0.7988,0.7997597116539847,0.9985,0.8881476539915498,0.0,500.0,3.0,1997.0,0.49925
0.035,-0.105,True,2500,2497.0,3.0,3.0,0.7988,0.7997597116539847,0.9985,0.8881476539915498,0.0,500.0,3.0,1997.0,0.49925
0.035,-0.095,True,2500,2497.0,3.0,3.0,0.7988,0.7997597116539847,0.9985,0.8881476539915498,0.0,500.0,3.0,1997.0,0.49925
0.035,-0.085,True,2500,2497.0,3.0,3.0,0.7988,0.7997597116539847,0.9985,0.8881476539915498,0.0,500.0,3.0,1997.0,0.49925
0.035,-0.075,True,2500,2497.0,3.0,3.0,0.7988,0.7997597116539847,0.9985,0.8881476539915498,0.0,500.0,3.0,1997.0,0.49925
0.035,-0.065,True,2500,2497.0,3.0,3.0,0.7988,0.7997597116539847,0.9985,0.8881476539915498,0.0,500.0,3.0,1997.0,0.49925
0.045,-0.125,True,2500,2491.0,9.0,9.0,0.7988,0.8004817342432758,0.997,0.8879982186595414,3.0,497.0,6.0,1994.0,0.5015
0.045,-0.115,True,2500,2491.0,9.0,9.0,0.7988,0.8004817342432758,0.997,0.8879982186595414,3.0,497.0,6.0,1994.0,0.5015
0.045,-0.105,True,2500,2491.0,9.0,9.0,0.7988,0.8004817342432758,0.997,0.8879982186595414,3.0,497.0,6.0,1994.0,0.5015
0.155,-0.115,True,2500,1497.0,1003.0,1003.0,0.7988,1.0,0.7485,0.8561624249356592,500.0,0.0,503.0,1497.0,0.87425
0.165,-0.095,True,2500,1497.0,1003.0,1003.0,0.7988,1.0,0.7485,0.8561624249356592,500.0,0.0,503.0,1497.0,0.87425
0.135,0.085,True,2500,2492.0,8.0,8.0,0.7984,0.8001605136436597,0.997,0.8878005342831701,2.0,498.0,6.0,1994.0,0.5005
0.145,0.085,True,2500,2491.0,9.0,9.0,0.798,0.800080289040546,0.9965,0.8875528835448675,2.0,498.0,7.0,1993.0,0.50025
0.155,0.085,True,2500,2490.0,10.0,10.0,0.7976,0.8,0.996,0.8873051224944322,2.0,498.0,8.0,1992.0,0.5
0.195,-0.035,True,2500,1494.0,1006.0,1006.0,0.7976,1.0,0.747,0.8551803091013166,500.0,0.0,506.0,1494.0,0.8734999999999999
0.165,0.085,True,2500,2488.0,12.0,12.0,0.7968,0.7998392282958199,0.995,0.8868092691622103,2.0,498.0,10.0,1990.0,0.4995
0.185,-0.055,True,2500,1492.0,1008.0,1008.0,0.7968,1.0,0.746,0.854524627720504,500.0,0.0,508.0,1492.0,0.873
0.175,0.085,True,2500,2487.0,13.0,13.0,0.7964,0.7997587454764777,0.9945,0.8865611767327837,2.0,498.0,11.0,1989.0,0.49925
0.185,0.085,True,2500,2487.0,13.0,13.0,0.7964,0.7997587454764777,0.9945,0.8865611767327837,2.0,498.0,11.0,1989.0,0.49925
0.195,0.085,True,2500,2487.0,13.0,13.0,0.7964,0.7997587454764777,0.9945,0.8865611767327837,2.0,498.0,11.0,1989.0,0.49925
0.205,0.085,True,2500,2487.0,13.0,13.0,0.7964,0.7997587454764777,0.9945,0.8865611767327837,2.0,498.0,11.0,1989.0,0.49925
0.215,0.085,True,2500,2487.0,13.0,13.0,0.7964,0.7997587454764777,0.9945,0.8865611767327837,2.0,498.0,11.0,1989.0,0.49925
0.175,-0.075,True,2500,1487.0,1013.0,1013.0,0.7948,1.0,0.7435,0.8528821336392315,500.0,0.0,513.0,1487.0,0.87175
0.205,-0.025,True,2500,1483.0,1017.0,1017.0,0.7932,1.0,0.7415,0.8515647430376113,500.0,0.0,517.0,1483.0,0.87075
0.195,-0.045,True,2500,1479.0,1021.0,1021.0,0.7916,1.0,0.7395,0.8502443230813452,500.0,0.0,521.0,1479.0,0.86975
0.155,-0.125,True,2500,1475.0,1025.0,1025.0,0.79,1.0,0.7375,0.8489208633093526,500.0,0.0,525.0,1475.0,0.86875
0.185,-0.065,True,2500,1471.0,1029.0,1029.0,0.7884,1.0,0.7355,0.8475943532123308,500.0,0.0,529.0,1471.0,0.86775
0.215,-0.025,True,2500,1471.0,1029.0,1029.0,0.7884,1.0,0.7355,0.8475943532123308,500.0,0.0,529.0,1471.0,0.86775
0.205,-0.035,True,2500,1467.0,1033.0,1033.0,0.7868,1.0,0.7335,0.8462647822324777,500.0,0.0,533.0,1467.0,0.86675
0.175,-0.085,True,2500,1466.0,1034.0,1034.0,0.7864,1.0,0.733,0.845931909982689,500.0,0.0,534.0,1466.0,0.8665
0.195,-0.055,True,2500,1458.0,1042.0,1042.0,0.7832,1.0,0.729,0.8432620011567379,500.0,0.0,542.0,1458.0,0.8645
0.165,-0.105,True,2500,1456.0,1044.0,1044.0,0.7824,1.0,0.728,0.8425925925925926,500.0,0.0,544.0,1456.0,0.864
0.215,-0.035,True,2500,1454.0,1046.0,1046.0,0.7816,1.0,0.727,0.8419224088013897,500.0,0.0,546.0,1454.0,0.8634999999999999
0.205,-0.045,True,2500,1452.0,1048.0,1048.0,0.7808,1.0,0.726,0.8412514484356894,500.0,0.0,548.0,1452.0,0.863
0.175,-0.095,True,2500,1441.0,1059.0,1059.0,0.7764,1.0,0.7205,0.8375472246439989,500.0,0.0,559.0,1441.0,0.86025
0.215,-0.045,True,2500,1438.0,1062.0,1062.0,0.7752,1.0,0.719,0.8365328679464805,500.0,0.0,562.0,1438.0,0.8594999999999999
0.195,-0.065,True,2500,1436.0,1064.0,1064.0,0.7744,1.0,0.718,0.8358556461001164,500.0,0.0,564.0,1436.0,0.859
0.185,-0.075,True,2500,1435.0,1065.0,1065.0,0.774,1.0,0.7175,0.8355167394468704,500.0,0.0,565.0,1435.0,0.85875
0.205,-0.055,True,2500,1429.0,1071.0,1071.0,0.7716,1.0,0.7145,0.8334791484397783,500.0,0.0,571.0,1429.0,0.8572500000000001
0.165,-0.115,True,2500,1427.0,1073.0,1073.0,0.7708,1.0,0.7135,0.8327983659177123,500.0,0.0,573.0,1427.0,0.85675
0.215,-0.055,True,2500,1413.0,1087.0,1087.0,0.7652,1.0,0.7065,0.8280105479050688,500.0,0.0,587.0,1413.0,0.8532500000000001
0.185,-0.085,True,2500,1411.0,1089.0,1089.0,0.7644,1.0,0.7055,0.8273233655819408,500.0,0.0,589.0,1411.0,0.85275
0.205,-0.065,True,2500,1407.0,1093.0,1093.0,0.7628,1.0,0.7035,0.825946580569416,500.0,0.0,593.0,1407.0,0.85175
0.165,-0.125,True,2500,1403.0,1097.0,1097.0,0.7612,1.0,0.7015,0.8245665589186012,500.0,0.0,597.0,1403.0,0.85075
0.195,-0.075,True,2500,1399.0,1101.0,1101.0,0.7596,1.0,0.6995,0.8231832892027067,500.0,0.0,601.0,1399.0,0.84975
0.175,-0.105,True,2500,1398.0,1102.0,1102.0,0.7592,1.0,0.699,0.8228369629193644,500.0,0.0,602.0,1398.0,0.8494999999999999
0.215,-0.065,True,2500,1391.0,1109.0,1109.0,0.7564,1.0,0.6955,0.8204069595989384,500.0,0.0,609.0,1391.0,0.84775
0.185,-0.095,True,2500,1383.0,1117.0,1117.0,0.7532,1.0,0.6915,0.8176174992610109,500.0,0.0,617.0,1383.0,0.84575
0.195,-0.085,True,2500,1371.0,1129.0,1129.0,0.7484,1.0,0.6855,0.8134084841293385,500.0,0.0,629.0,1371.0,0.84275
0.175,-0.115,True,2500,1366.0,1134.0,1134.0,0.7464,1.0,0.683,0.8116458704694,500.0,0.0,634.0,1366.0,0.8415
0.205,-0.075,True,2500,1365.0,1135.0,1135.0,0.746,1.0,0.6825,0.8112927191679048,500.0,0.0,635.0,1365.0,0.84125
0.215,-0.075,True,2500,1349.0,1151.0,1151.0,0.7396,1.0,0.6745,0.8056136160047774,500.0,0.0,651.0,1349.0,0.83725
0.175,-0.125,True,2500,1341.0,1159.0,1159.0,0.7364,1.0,0.6705,0.8027536665668961,500.0,0.0,659.0,1341.0,0.83525
0.195,-0.095,True,2500,1341.0,1159.0,1159.0,0.7364,1.0,0.6705,0.8027536665668961,500.0,0.0,659.0,1341.0,0.83525
0.185,-0.105,True,2500,1339.0,1161.0,1161.0,0.7356,1.0,0.6695,0.8020365378855945,500.0,0.0,661.0,1339.0,0.83475
0.205,-0.085,True,2500,1336.0,1164.0,1164.0,0.7344,1.0,0.668,0.8009592326139089,500.0,0.0,664.0,1336.0,0.8340000000000001
0.215,-0.085,True,2500,1320.0,1180.0,1180.0,0.728,1.0,0.66,0.7951807228915663,500.0,0.0,680.0,1320.0,0.8300000000000001
0.205,-0.095,True,2500,1306.0,1194.0,1194.0,0.7224,1.0,0.653,0.7900786448880823,500.0,0.0,694.0,1306.0,0.8265
0.185,-0.115,True,2500,1303.0,1197.0,1197.0,0.7212,1.0,0.6515,0.7889797154102332,500.0,0.0,697.0,1303.0,0.82575
0.195,-0.105,True,2500,1295.0,1205.0,1205.0,0.718,1.0,0.6475,0.7860394537177542,500.0,0.0,705.0,1295.0,0.82375
0.215,-0.095,True,2500,1288.0,1212.0,1212.0,0.7152,1.0,0.644,0.7834549878345498,500.0,0.0,712.0,1288.0,0.8220000000000001
0.185,-0.125,True,2500,1276.0,1224.0,1224.0,0.7104,1.0,0.638,0.778998778998779,500.0,0.0,724.0,1276.0,0.819
0.205,-0.105,True,2500,1260.0,1240.0,1240.0,0.704,1.0,0.63,0.7730061349693252,500.0,0.0,740.0,1260.0,0.815
0.195,-0.115,True,2500,1257.0,1243.0,1243.0,0.7028,1.0,0.6285,0.7718759594719067,500.0,0.0,743.0,1257.0,0.8142499999999999
0.215,-0.105,True,2500,1242.0,1258.0,1258.0,0.6968,1.0,0.621,0.7661937075879087,500.0,0.0,758.0,1242.0,0.8105
0.195,-0.125,True,2500,1227.0,1273.0,1273.0,0.6908,1.0,0.6135,0.7604586303067865,500.0,0.0,773.0,1227.0,0.8067500000000001
0.205,-0.115,True,2500,1221.0,1279.0,1279.0,0.6884,1.0,0.6105,0.7581496429680223,500.0,0.0,779.0,1221.0,0.80525
0.215,-0.115,True,2500,1200.0,1300.0,1300.0,0.68,1.0,0.6,0.7499999999999999,500.0,0.0,800.0,1200.0,0.8
0.205,-0.125,True,2500,1191.0,1309.0,1309.0,0.6764,1.0,0.5955,0.7464744594171107,500.0,0.0,809.0,1191.0,0.79775
0.215,-0.125,True,2500,1170.0,1330.0,1330.0,0.668,1.0,0.585,0.7381703470031545,500.0,0.0,830.0,1170.0,0.7925
0.015,0.015,False,2500,,,,,,,,,,,,0.0
0.015,0.025,False,2500,,,,,,,,,,,,0.0
0.015,0.035,False,2500,,,,,,,,,,,,0.0
0.015,0.045,False,2500,,,,,,,,,,,,0.0
0.015,0.055,False,2500,,,,,,,,,,,,0.0
0.015,0.065,False,2500,,,,,,,,,,,,0.0
0.015,0.075,False,2500,,,,,,,,,,,,0.0
0.015,0.085,False,2500,,,,,,,,,,,,0.0
0.025,0.025,False,2500,,,,,,,,,,,,0.0
0.025,0.035,False,2500,,,,,,,,,,,,0.0
0.025,0.045,False,2500,,,,,,,,,,,,0.0
0.025,0.055,False,2500,,,,,,,,,,,,0.0
0.025,0.065,False,2500,,,,,,,,,,,,0.0
0.025,0.075,False,2500,,,,,,,,,,,,0.0
0.025,0.085,False,2500,,,,,,,,,,,,0.0
0.035,0.035,False,2500,,,,,,,,,,,,0.0
0.035,0.045,False,2500,,,,,,,,,,,,0.0
0.035,0.055,False,2500,,,,,,,,,,,,0.0
0.035,0.065,False,2500,,,,,,,,,,,,0.0
0.035,0.075,False,2500,,,,,,,,,,,,0.0
0.035,0.085,False,2500,,,,,,,,,,,,0.0
0.045,0.045,False,2500,,,,,,,,,,,,0.0
0.045,0.055,False,2500,,,,,,,,,,,,0.0
0.045,0.065,False,2500,,,,,,,,,,,,0.0
0.045,0.075,False,2500,,,,,,,,,,,,0.0
0.045,0.085,False,2500,,,,,,,,,,,,0.0
0.055,0.055,False,2500,,,,,,,,,,,,0.0
0.055,0.065,False,2500,,,,,,,,,,,,0.0
0.055,0.075,False,2500,,,,,,,,,,,,0.0
0.055,0.085,False,2500,,,,,,,,,,,,0.0
0.065,0.065,False,2500,,,,,,,,,,,,0.0
0.065,0.075,False,2500,,,,,,,,,,,,0.0
0.065,0.085,False,2500,,,,,,,,,,,,0.0
0.075,0.075,False,2500,,,,,,,,,,,,0.0
0.075,0.085,False,2500,,,,,,,,,,,,0.0
0.085,0.085,False,2500,,,,,,,,,,,,0.0
