threshold_A,threshold_B,accuracy,balanced_accuracy,valid_physical_pair,n,tp,tn,fp,fn
0.015,-0.125,0.8,0.5,True,2500,2000.0,0.0,500.0,0.0
0.015,-0.115,0.8,0.5,True,2500,2000.0,0.0,500.0,0.0
0.015,-0.105,0.8,0.5,True,2500,2000.0,0.0,500.0,0.0
0.015,-0.095,0.8,0.5,True,2500,2000.0,0.0,500.0,0.0
0.015,-0.085,0.8,0.5,True,2500,2000.0,0.0,500.0,0.0
0.015,-0.075,0.8,0.5,True,2500,2000.0,0.0,500.0,0.0
0.015,-0.065,0.8,0.5,True,2500,2000.0,0.0,500.0,0.0
0.015,-0.055,0.8,0.5,True,2500,2000.0,0.0,500.0,0.0
0.015,-0.045,0.8,0.5,True,2500,2000.0,0.0,500.0,0.0
0.015,-0.035,0.8,0.5,True,2500,2000.0,0.0,500.0,0.0
0.015,-0.025,0.8,0.5,True,2500,2000.0,0.0,500.0,0.0
0.015,-0.015,0.8,0.5,True,2500,2000.0,0.0,500.0,0.0
0.015,-0.005,0.8,0.5,True,2500,2000.0,0.0,500.0,0.0
0.015,0.005,0.8,0.5,True,2500,2000.0,0.0,500.0,0.0
0.015,0.015,,0.0,False,2500,,,,
0.015,0.025,,0.0,False,2500,,,,
0.015,0.035,,0.0,False,2500,,,,
0.015,0.045,,0.0,False,2500,,,,
0.015,0.055,,0.0,False,2500,,,,
0.015,0.065,,0.0,False,2500,,,,
0.015,0.075,,0.0,False,2500,,,,
0.015,0.085,,0.0,False,2500,,,,
0.025,-0.125,0.7996,0.49975,True,2500,1999.0,0.0,500.0,1.0
0.025,-0.115,0.7996,0.49975,True,2500,1999.0,0.0,500.0,1.0
0.025,-0.105,0.7996,0.49975,True,2500,1999.0,0.0,500.0,1.0
0.025,-0.095,0.7996,0.49975,True,2500,1999.0,0.0,500.0,1.0
0.025,-0.085,0.7996,0.49975,True,2500,1999.0,0.0,500.0,1.0
0.025,-0.075,0.7996,0.49975,True,2500,1999.0,0.0,500.0,1.0
0.025,-0.065,0.7996,0.49975,True,2500,1999.0,0.0,500.0,1.0
0.025,-0.055,0.7996,0.49975,True,2500,1999.0,0.0,500.0,1.0
0.025,-0.045,0.7996,0.49975,True,2500,1999.0,0.0,500.0,1.0
0.025,-0.035,0.7996,0.49975,True,2500,1999.0,0.0,500.0,1.0
0.025,-0.025,0.7996,0.49975,True,2500,1999.0,0.0,500.0,1.0
0.025,-0.015,0.8,0.5,True,2500,2000.0,0.0,500.0,0.0
0.025,-0.005,0.8,0.5,True,2500,2000.0,0.0,500.0,0.0
0.025,0.005,0.8,0.5,True,2500,2000.0,0.0,500.0,0.0
0.025,0.015,0.8,0.5,True,2500,2000.0,0.0,500.0,0.0
0.025,0.025,,0.0,False,2500,,,,
0.025,0.035,,0.0,False,2500,,,,
0.025,0.045,,0.0,False,2500,,,,
0.025,0.055,,0.0,False,2500,,,,
0.025,0.065,,0.0,False,2500,,,,
0.025,0.075,,0.0,False,2500,,,,
0.025,0.085,,0.0,False,2500,,,,
0.035,-0.125,0.7988,0.49925,True,2500,1997.0,0.0,500.0,3.0
0.035,-0.115,0.7988,0.49925,True,2500,1997.0,0.0,500.0,3.0
0.035,-0.105,0.7988,0.49925,True,2500,1997.0,0.0,500.0,3.0
0.035,-0.095,0.7988,0.49925,True,2500,1997.0,0.0,500.0,3.0
0.035,-0.085,0.7988,0.49925,True,2500,1997.0,0.0,500.0,3.0
0.035,-0.075,0.7988,0.49925,True,2500,1997.0,0.0,500.0,3.0
0.035,-0.065,0.7988,0.49925,True,2500,1997.0,0.0,500.0,3.0
0.035,-0.055,0.7992,0.4995,True,2500,1998.0,0.0,500.0,2.0
0.035,-0.045,0.7992,0.4995,True,2500,1998.0,0.0,500.0,2.0
0.035,-0.035,0.7996,0.49975,True,2500,1999.0,0.0,500.0,1.0
0.035,-0.025,0.7996,0.49975,True,2500,1999.0,0.0,500.0,1.0
0.035,-0.015,0.8,0.5,True,2500,2000.0,0.0,500.0,0.0
0.035,-0.005,0.8,0.5,True,2500,2000.0,0.0,500.0,0.0
0.035,0.005,0.8,0.5,True,2500,2000.0,0.0,500.0,0.0
0.035,0.015,0.8,0.5,True,2500,2000.0,0.0,500.0,0.0
0.035,0.025,0.8,0.5,True,2500,2000.0,0.0,500.0,0.0
0.035,0.035,,0.0,False,2500,,,,
0.035,0.045,,0.0,False,2500,,,,
0.035,0.055,,0.0,False,2500,,,,
0.035,0.065,,0.0,False,2500,,,,
0.035,0.075,,0.0,False,2500,,,,
0.035,0.085,,0.0,False,2500,,,,
0.045,-0.125,0.7988,0.5015,True,2500,1994.0,3.0,497.0,6.0
0.045,-0.115,0.7988,0.5015,True,2500,1994.0,3.0,497.0,6.0
0.045,-0.105,0.7988,0.5015,True,2500,1994.0,3.0,497.0,6.0
0.045,-0.095,0.7992,0.50175,True,2500,1995.0,3.0,497.0,5.0
0.045,-0.085,0.7996,0.502,True,2500,1996.0,3.0,497.0,4.0
0.045,-0.075,0.8,0.50225,True,2500,1997.0,3.0,497.0,3.0
0.045,-0.065,0.8,0.50225,True,2500,1997.0,3.0,497.0,3.0
0.045,-0.055,0.8004,0.5025,True,2500,1998.0,3.0,497.0,2.0
0.045,-0.045,0.8004,0.5025,True,2500,1998.0,3.0,497.0,2.0
0.045,-0.035,0.8008,0.50275,True,2500,1999.0,3.0,497.0,1.0
0.045,-0.025,0.8008,0.50275,True,2500,1999.0,3.0,497.0,1.0
0.045,-0.015,0.8012,0.503,True,2500,2000.0,3.0,497.0,0.0
0.045,-0.005,0.8012,0.503,True,2500,2000.0,3.0,497.0,0.0
0.045,0.005,0.8012,0.503,True,2500,2000.0,3.0,497.0,0.0
0.045,0.015,0.8012,0.503,True,2500,2000.0,3.0,497.0,0.0
0.045,0.025,0.8012,0.503,True,2500,2000.0,3.0,497.0,0.0
0.045,0.035,0.8008,0.502,True,2500,2000.0,2.0,498.0,0.0
0.045,0.045,,0.0,False,2500,,,,
0.045,0.055,,0.0,False,2500,,,,
0.045,0.065,,0.0,False,2500,,,,
0.045,0.075,,0.0,False,2500,,,,
0.045,0.085,,0.0,False,2500,,,,
0.055,-0.125,0.8096,0.54425,True,2500,1973.0,51.0,449.0,27.0
0.055,-0.115,0.81,0.5445,True,2500,1974.0,51.0,449.0,26.0
0.055,-0.105,0.8104,0.5447500000000001,True,2500,1975.0,51.0,449.0,25.0
0.055,-0.095,0.812,0.5457500000000001,True,2500,1979.0,51.0,449.0,21.0
0.055,-0.085,0.8132,0.5465,True,2500,1982.0,51.0,449.0,18.0
0.055,-0.075,0.8136,0.5467500000000001,True,2500,1983.0,51.0,449.0,17.0
0.055,-0.065,0.814,0.547,True,2500,1984.0,51.0,449.0,16.0
0.055,-0.055,0.8152,0.5477500000000001,True,2500,1987.0,51.0,449.0,13.0
0.055,-0.045,0.816,0.54825,True,2500,1989.0,51.0,449.0,11.0
0.055,-0.035,0.8172,0.549,True,2500,1992.0,51.0,449.0,8.0
0.055,-0.025,0.8176,0.54925,True,2500,1993.0,51.0,449.0,7.0
0.055,-0.015,0.8188,0.55,True,2500,1996.0,51.0,449.0,4.0
0.055,-0.005,0.8192,0.55025,True,2500,1997.0,51.0,449.0,3.0
0.055,0.005,0.8192,0.55025,True,2500,1997.0,51.0,449.0,3.0
0.055,0.015,0.8192,0.55025,True,2500,1997.0,51.0,449.0,3.0
0.055,0.025,0.8188,0.54925,True,2500,1997.0,50.0,450.0,3.0
0.055,0.035,0.8188,0.5485,True,2500,1998.0,49.0,451.0,2.0
0.055,0.045,0.8128,0.532,True,2500,2000.0,32.0,468.0,0.0
0.055,0.055,,0.0,False,2500,,,,
0.055,0.065,,0.0,False,2500,,,,
0.055,0.075,,0.0,False,2500,,,,
0.055,0.085,,0.0,False,2500,,,,
0.065,-0.125,0.8464,0.6505,True,2500,1954.0,162.0,338.0,46.0
0.065,-0.115,0.8468,0.65075,True,2500,1955.0,162.0,338.0,45.0
0.065,-0.105,0.8484,0.65175,True,2500,1959.0,162.0,338.0,41.0
0.065,-0.095,0.85,0.65275,True,2500,1963.0,162.0,338.0,37.0
0.065,-0.085,0.8516,0.65375,True,2500,1967.0,162.0,338.0,33.0
0.065,-0.075,0.8528,0.6545,True,2500,1970.0,162.0,338.0,30.0
0.065,-0.065,0.854,0.65525,True,2500,1973.0,162.0,338.0,27.0
0.065,-0.055,0.8556,0.65625,True,2500,1977.0,162.0,338.0,23.0
0.065,-0.045,0.8568,0.657,True,2500,1980.0,162.0,338.0,20.0
0.065,-0.035,0.8584,0.658,True,2500,1984.0,162.0,338.0,16.0
0.065,-0.025,0.8588,0.65825,True,2500,1985.0,162.0,338.0,15.0
0.065,-0.015,0.8612,0.6597500000000001,True,2500,1991.0,162.0,338.0,9.0
0.065,-0.005,0.8616,0.66,True,2500,1992.0,162.0,338.0,8.0
0.065,0.005,0.8616,0.66,True,2500,1992.0,162.0,338.0,8.0
0.065,0.015,0.862,0.66025,True,2500,1993.0,162.0,338.0,7.0
0.065,0.025,0.862,0.6595,True,2500,1994.0,161.0,339.0,6.0
0.065,0.035,0.86,0.65375,True,2500,1995.0,155.0,345.0,5.0
0.065,0.045,0.8476,0.6212500000000001,True,2500,1997.0,122.0,378.0,3.0
0.065,0.055,0.8236,0.56125,True,2500,1997.0,62.0,438.0,3.0
0.065,0.065,,0.0,False,2500,,,,
0.065,0.075,,0.0,False,2500,,,,
0.065,0.085,,0.0,False,2500,,,,
0.075,-0.125,0.9036,0.80775,True,2500,1935.0,324.0,176.0,65.0
0.075,-0.115,0.9048,0.8085,True,2500,1938.0,324.0,176.0,62.0
0.075,-0.105,0.9064,0.8095,True,2500,1942.0,324.0,176.0,58.0
0.075,-0.095,0.9084,0.8107500000000001,True,2500,1947.0,324.0,176.0,53.0
0.075,-0.085,0.9108,0.81225,True,2500,1953.0,324.0,176.0,47.0
0.075,-0.075,0.9124,0.81325,True,2500,1957.0,324.0,176.0,43.0
0.075,-0.065,0.914,0.81425,True,2500,1961.0,324.0,176.0,39.0
0.075,-0.055,0.9164,0.81575,True,2500,1967.0,324.0,176.0,33.0
0.075,-0.045,0.9184,0.817,True,2500,1972.0,324.0,176.0,28.0
0.075,-0.035,0.9204,0.81825,True,2500,1977.0,324.0,176.0,23.0
0.075,-0.025,0.9208,0.8185,True,2500,1978.0,324.0,176.0,22.0
0.075,-0.015,0.9232,0.8200000000000001,True,2500,1984.0,324.0,176.0,16.0
0.075,-0.005,0.9236,0.82025,True,2500,1985.0,324.0,176.0,15.0
0.075,0.005,0.9236,0.82025,True,2500,1985.0,324.0,176.0,15.0
0.075,0.015,0.9244,0.8207500000000001,True,2500,1987.0,324.0,176.0,13.0
0.075,0.025,0.924,0.819,True,2500,1988.0,322.0,178.0,12.0
0.075,0.035,0.9212,0.8105,True,2500,1990.0,313.0,187.0,10.0
0.075,0.045,0.9024,0.762,True,2500,1992.0,264.0,236.0,8.0
0.075,0.055,0.8696,0.67925,True,2500,1993.0,181.0,319.0,7.0
0.075,0.065,0.8264,0.56825,True,2500,1997.0,69.0,431.0,3.0
0.075,0.075,,0.0,False,2500,,,,
0.075,0.085,,0.0,False,2500,,,,
0.085,-0.125,0.938,0.9155,True,2500,1906.0,439.0,61.0,94.0
0.085,-0.115,0.94,0.91675,True,2500,1911.0,439.0,61.0,89.0
0.085,-0.105,0.9424,0.91825,True,2500,1917.0,439.0,61.0,83.0
0.085,-0.095,0.9452,0.92,True,2500,1924.0,439.0,61.0,76.0
0.085,-0.085,0.948,0.92175,True,2500,1931.0,439.0,61.0,69.0
0.085,-0.075,0.9496,0.92275,True,2500,1935.0,439.0,61.0,65.0
0.085,-0.065,0.952,0.92425,True,2500,1941.0,439.0,61.0,59.0
0.085,-0.055,0.956,0.92675,True,2500,1951.0,439.0,61.0,49.0
0.085,-0.045,0.958,0.928,True,2500,1956.0,439.0,61.0,44.0
0.085,-0.035,0.96,0.92925,True,2500,1961.0,439.0,61.0,39.0
0.085,-0.025,0.9604,0.9295,True,2500,1962.0,439.0,61.0,38.0
0.085,-0.015,0.9632,0.93125,True,2500,1969.0,439.0,61.0,31.0
0.085,-0.005,0.9636,0.9315,True,2500,1970.0,439.0,61.0,30.0
0.085,0.005,0.964,0.93175,True,2500,1971.0,439.0,61.0,29.0
0.085,0.015,0.9648,0.93225,True,2500,1973.0,439.0,61.0,27.0
0.085,0.025,0.964,0.92875,True,2500,1975.0,435.0,65.0,25.0
0.085,0.035,0.9596,0.9155,True,2500,1978.0,421.0,79.0,22.0
0.085,0.045,0.94,0.8605,True,2500,1986.0,364.0,136.0,14.0
0.085,0.055,0.8976,0.75375,True,2500,1987.0,257.0,243.0,13.0
0.085,0.065,0.8456,0.6192500000000001,True,2500,1993.0,121.0,379.0,7.0
0.085,0.075,0.8116,0.52975,True,2500,1999.0,30.0,470.0,1.0
0.085,0.085,,0.0,False,2500,,,,
0.095,-0.125,0.9408,0.948,True,2500,1872.0,480.0,20.0,128.0
0.095,-0.115,0.9432,0.9495,True,2500,1878.0,480.0,20.0,122.0
0.095,-0.105,0.9464,0.9515,True,2500,1886.0,480.0,20.0,114.0
0.095,-0.095,0.9508,0.95425,True,2500,1897.0,480.0,20.0,103.0
0.095,-0.085,0.9544,0.9565,True,2500,1906.0,480.0,20.0,94.0
0.095,-0.075,0.9564,0.95775,True,2500,1911.0,480.0,20.0,89.0
0.095,-0.065,0.9596,0.95975,True,2500,1919.0,480.0,20.0,81.0
0.095,-0.055,0.964,0.9625,True,2500,1930.0,480.0,20.0,70.0
0.095,-0.045,0.9668,0.96425,True,2500,1937.0,480.0,20.0,63.0
0.095,-0.035,0.9688,0.9655,True,2500,1942.0,480.0,20.0,58.0
0.095,-0.025,0.9696,0.966,True,2500,1944.0,480.0,20.0,56.0
0.095,-0.015,0.9728,0.968,True,2500,1952.0,480.0,20.0,48.0
0.095,-0.005,0.9732,0.96825,True,2500,1953.0,480.0,20.0,47.0
0.095,0.005,0.974,0.96875,True,2500,1955.0,480.0,20.0,45.0
0.095,0.015,0.9748,0.96925,True,2500,1957.0,480.0,20.0,43.0
0.095,0.025,0.974,0.96575,True,2500,1959.0,476.0,24.0,41.0
0.095,0.035,0.9684,0.94875,True,2500,1963.0,458.0,42.0,37.0
0.095,0.045,0.948,0.8895,True,2500,1974.0,396.0,104.0,26.0
0.095,0.055,0.9044,0.7745,True,2500,1982.0,279.0,221.0,18.0
0.095,0.065,0.8484,0.6285000000000001,True,2500,1990.0,131.0,369.0,10.0
0.095,0.075,0.8136,0.5347500000000001,True,2500,1999.0,35.0,465.0,1.0
0.095,0.085,0.8008,0.502,True,2500,2000.0,2.0,498.0,0.0
0.105,-0.125,0.922,0.94525,True,2500,1813.0,492.0,8.0,187.0
0.105,-0.115,0.9252,0.94725,True,2500,1821.0,492.0,8.0,179.0
0.105,-0.105,0.9296,0.95,True,2500,1832.0,492.0,8.0,168.0
0.105,-0.095,0.9352,0.9535,True,2500,1846.0,492.0,8.0,154.0
0.105,-0.085,0.9396,0.95625,True,2500,1857.0,492.0,8.0,143.0
0.105,-0.075,0.9424,0.958,True,2500,1864.0,492.0,8.0,136.0
0.105,-0.065,0.9472,0.961,True,2500,1876.0,492.0,8.0,124.0
0.105,-0.055,0.952,0.964,True,2500,1888.0,492.0,8.0,112.0
0.105,-0.045,0.9556,0.96625,True,2500,1897.0,492.0,8.0,103.0
0.105,-0.035,0.9588,0.96825,True,2500,1905.0,492.0,8.0,95.0
0.105,-0.025,0.9596,0.96875,True,2500,1907.0,492.0,8.0,93.0
0.105,-0.015,0.9628,0.97075,True,2500,1915.0,492.0,8.0,85.0
0.105,-0.005,0.9636,0.97125,True,2500,1917.0,492.0,8.0,83.0
0.105,0.005,0.9648,0.972,True,2500,1920.0,492.0,8.0,80.0
0.105,0.015,0.9656,0.9725,True,2500,1922.0,492.0,8.0,78.0
0.105,0.025,0.9656,0.9695,True,2500,1926.0,488.0,12.0,74.0
0.105,0.035,0.962,0.953,True,2500,1936.0,469.0,31.0,64.0
0.105,0.045,0.9428,0.89375,True,2500,1951.0,406.0,94.0,49.0
0.105,0.055,0.9016,0.77875,True,2500,1967.0,287.0,213.0,33.0
0.105,0.065,0.8468,0.629,True,2500,1984.0,133.0,367.0,16.0
0.105,0.075,0.8124,0.534,True,2500,1996.0,35.0,465.0,4.0
0.105,0.085,0.8,0.5015,True,2500,1998.0,2.0,498.0,2.0
0.115,-0.125,0.8996,0.932,True,2500,1756.0,493.0,7.0,244.0
0.115,-0.115,0.9032,0.93425,True,2500,1765.0,493.0,7.0,235.0
0.115,-0.105,0.9088,0.93775,True,2500,1779.0,493.0,7.0,221.0
0.115,-0.095,0.9168,0.94275,True,2500,1799.0,493.0,7.0,201.0
0.115,-0.085,0.9216,0.94575,True,2500,1811.0,493.0,7.0,189.0
0.115,-0.075,0.9248,0.94775,True,2500,1819.0,493.0,7.0,181.0
0.115,-0.065,0.93,0.951,True,2500,1832.0,493.0,7.0,168.0
0.115,-0.055,0.9348,0.954,True,2500,1844.0,493.0,7.0,156.0
0.115,-0.045,0.9388,0.9565,True,2500,1854.0,493.0,7.0,146.0
0.115,-0.035,0.942,0.9585,True,2500,1862.0,493.0,7.0,138.0
0.115,-0.025,0.9436,0.9595,True,2500,1866.0,493.0,7.0,134.0
0.115,-0.015,0.9476,0.962,True,2500,1876.0,493.0,7.0,124.0
0.115,-0.005,0.9484,0.9625,True,2500,1878.0,493.0,7.0,122.0
0.115,0.005,0.9504,0.96375,True,2500,1883.0,493.0,7.0,117.0
0.115,0.015,0.9512,0.96425,True,2500,1885.0,493.0,7.0,115.0
0.115,0.025,0.9512,0.96125,True,2500,1889.0,489.0,11.0,111.0
0.115,0.035,0.9476,0.944,True,2500,1900.0,469.0,31.0,100.0
0.115,0.045,0.9316,0.88675,True,2500,1923.0,406.0,94.0,77.0
0.115,0.055,0.896,0.77525,True,2500,1953.0,287.0,213.0,47.0
0.115,0.065,0.8456,0.62825,True,2500,1981.0,133.0,367.0,19.0
0.115,0.075,0.812,0.5337500000000001,True,2500,1995.0,35.0,465.0,5.0
0.115,0.085,0.8,0.5015,True,2500,1998.0,2.0,498.0,2.0
0.125,-0.125,0.876,0.921,True,2500,1692.0,498.0,2.0,308.0
0.125,-0.115,0.8808,0.924,True,2500,1704.0,498.0,2.0,296.0
0.125,-0.105,0.8872,0.928,True,2500,1720.0,498.0,2.0,280.0
0.125,-0.095,0.8964,0.93375,True,2500,1743.0,498.0,2.0,257.0
0.125,-0.085,0.9024,0.9375,True,2500,1758.0,498.0,2.0,242.0
0.125,-0.075,0.9064,0.94,True,2500,1768.0,498.0,2.0,232.0
0.125,-0.065,0.9124,0.94375,True,2500,1783.0,498.0,2.0,217.0
0.125,-0.055,0.9184,0.9475,True,2500,1798.0,498.0,2.0,202.0
0.125,-0.045,0.9228,0.95025,True,2500,1809.0,498.0,2.0,191.0
0.125,-0.035,0.9264,0.9525,True,2500,1818.0,498.0,2.0,182.0
0.125,-0.025,0.9284,0.95375,True,2500,1823.0,498.0,2.0,177.0
0.125,-0.015,0.9336,0.957,True,2500,1836.0,498.0,2.0,164.0
0.125,-0.005,0.9344,0.9575,True,2500,1838.0,498.0,2.0,162.0
0.125,0.005,0.9364,0.95875,True,2500,1843.0,498.0,2.0,157.0
0.125,0.015,0.9388,0.96025,True,2500,1849.0,498.0,2.0,151.0
0.125,0.025,0.9396,0.95775,True,2500,1855.0,494.0,6.0,145.0
0.125,0.035,0.9376,0.9415,True,2500,1870.0,474.0,26.0,130.0
0.125,0.045,0.9264,0.8865,True,2500,1906.0,410.0,90.0,94.0
0.125,0.055,0.892,0.7749999999999999,True,2500,1940.0,290.0,210.0,60.0
0.125,0.065,0.8428,0.6272500000000001,True,2500,1973.0,134.0,366.0,27.0
0.125,0.075,0.8096,0.53225,True,2500,1989.0,35.0,465.0,11.0
0.125,0.085,0.7996,0.50125,True,2500,1997.0,2.0,498.0,3.0
0.135,-0.125,0.848,0.905,True,2500,1620.0,500.0,0.0,380.0
0.135,-0.115,0.854,0.90875,True,2500,1635.0,500.0,0.0,365.0
0.135,-0.105,0.8616,0.9135,True,2500,1654.0,500.0,0.0,346.0
0.135,-0.095,0.874,0.92125,True,2500,1685.0,500.0,0.0,315.0
0.135,-0.085,0.8808,0.9255,True,2500,1702.0,500.0,0.0,298.0
0.135,-0.075,0.8848,0.928,True,2500,1712.0,500.0,0.0,288.0
0.135,-0.065,0.8924,0.93275,True,2500,1731.0,500.0,0.0,269.0
0.135,-0.055,0.8984,0.9365,True,2500,1746.0,500.0,0.0,254.0
0.135,-0.045,0.9032,0.9395,True,2500,1758.0,500.0,0.0,242.0
0.135,-0.035,0.9068,0.94175,True,2500,1767.0,500.0,0.0,233.0
0.135,-0.025,0.9104,0.944,True,2500,1776.0,500.0,0.0,224.0
0.135,-0.015,0.9156,0.94725,True,2500,1789.0,500.0,0.0,211.0
0.135,-0.005,0.9172,0.94825,True,2500,1793.0,500.0,0.0,207.0
0.135,0.005,0.9196,0.94975,True,2500,1799.0,500.0,0.0,201.0
0.135,0.015,0.9236,0.95225,True,2500,1809.0,500.0,0.0,191.0
0.135,0.025,0.9252,0.95025,True,2500,1817.0,496.0,4.0,183.0
0.135,0.035,0.924,0.9345,True,2500,1834.0,476.0,24.0,166.0
0.135,0.045,0.9148,0.8807499999999999,True,2500,1875.0,412.0,88.0,125.0
0.135,0.055,0.8852,0.77225,True,2500,1921.0,292.0,208.0,79.0
0.135,0.065,0.838,0.625,True,2500,1960.0,135.0,365.0,40.0
0.135,0.075,0.8072,0.53075,True,2500,1983.0,35.0,465.0,17.0
0.135,0.085,0.7984,0.5005,True,2500,1994.0,2.0,498.0,6.0
0.145,-0.125,0.8156,0.8847499999999999,True,2500,1539.0,500.0,0.0,461.0
0.145,-0.115,0.8236,0.88975,True,2500,1559.0,500.0,0.0,441.0
0.145,-0.105,0.8328,0.8955,True,2500,1582.0,500.0,0.0,418.0
0.145,-0.095,0.846,0.90375,True,2500,1615.0,500.0,0.0,385.0
0.145,-0.085,0.8548,0.90925,True,2500,1637.0,500.0,0.0,363.0
0.145,-0.075,0.86,0.9125,True,2500,1650.0,500.0,0.0,350.0
0.145,-0.065,0.87,0.91875,True,2500,1675.0,500.0,0.0,325.0
0.145,-0.055,0.8764,0.92275,True,2500,1691.0,500.0,0.0,309.0
0.145,-0.045,0.8812,0.92575,True,2500,1703.0,500.0,0.0,297.0
0.145,-0.035,0.8852,0.92825,True,2500,1713.0,500.0,0.0,287.0
0.145,-0.025,0.8896,0.931,True,2500,1724.0,500.0,0.0,276.0
0.145,-0.015,0.896,0.935,True,2500,1740.0,500.0,0.0,260.0
0.145,-0.005,0.898,0.93625,True,2500,1745.0,500.0,0.0,255.0
0.145,0.005,0.9008,0.938,True,2500,1752.0,500.0,0.0,248.0
0.145,0.015,0.9056,0.941,True,2500,1764.0,500.0,0.0,236.0
0.145,0.025,0.9084,0.93975,True,2500,1775.0,496.0,4.0,225.0
0.145,0.035,0.9112,0.9265,True,2500,1802.0,476.0,24.0,198.0
0.145,0.045,0.9032,0.8734999999999999,True,2500,1846.0,412.0,88.0,154.0
0.145,0.055,0.878,0.7677499999999999,True,2500,1903.0,292.0,208.0,97.0
0.145,0.065,0.8348,0.623,True,2500,1952.0,135.0,365.0,48.0
0.145,0.075,0.806,0.53,True,2500,1980.0,35.0,465.0,20.0
0.145,0.085,0.798,0.50025,True,2500,1993.0,2.0,498.0,7.0
0.155,-0.125,0.79,0.86875,True,2500,1475.0,500.0,0.0,525.0
0.155,-0.115,0.7988,0.87425,True,2500,1497.0,500.0,0.0,503.0
0.155,-0.105,0.8088,0.8805000000000001,True,2500,1522.0,500.0,0.0,478.0
0.155,-0.095,0.8228,0.88925,True,2500,1557.0,500.0,0.0,443.0
0.155,-0.085,0.832,0.895,True,2500,1580.0,500.0,0.0,420.0
0.155,-0.075,0.838,0.8987499999999999,True,2500,1595.0,500.0,0.0,405.0
0.155,-0.065,0.8492,0.90575,True,2500,1623.0,500.0,0.0,377.0
0.155,-0.055,0.856,0.91,True,2500,1640.0,500.0,0.0,360.0
0.155,-0.045,0.8616,0.9135,True,2500,1654.0,500.0,0.0,346.0
0.155,-0.035,0.8656,0.916,True,2500,1664.0,500.0,0.0,336.0
0.155,-0.025,0.87,0.91875,True,2500,1675.0,500.0,0.0,325.0
0.155,-0.015,0.8768,0.923,True,2500,1692.0,500.0,0.0,308.0
0.155,-0.005,0.8792,0.9245,True,2500,1698.0,500.0,0.0,302.0
0.155,0.005,0.8832,0.927,True,2500,1708.0,500.0,0.0,292.0
0.155,0.015,0.8892,0.93075,True,2500,1723.0,500.0,0.0,277.0
0.155,0.025,0.8944,0.931,True,2500,1740.0,496.0,4.0,260.0
0.155,0.035,0.8992,0.919,True,2500,1772.0,476.0,24.0,228.0
0.155,0.045,0.8944,0.868,True,2500,1824.0,412.0,88.0,176.0
0.155,0.055,0.8732,0.76475,True,2500,1891.0,292.0,208.0,109.0
0.155,0.065,0.832,0.6212500000000001,True,2500,1945.0,135.0,365.0,55.0
0.155,0.075,0.8052,0.5295,True,2500,1978.0,35.0,465.0,22.0
0.155,0.085,0.7976,0.5,True,2500,1992.0,2.0,498.0,8.0
0.165,-0.125,0.7612,0.85075,True,2500,1403.0,500.0,0.0,597.0
0.165,-0.115,0.7708,0.85675,True,2500,1427.0,500.0,0.0,573.0
0.165,-0.105,0.7824,0.864,True,2500,1456.0,500.0,0.0,544.0
0.165,-0.095,0.7988,0.87425,True,2500,1497.0,500.0,0.0,503.0
0.165,-0.085,0.808,0.88,True,2500,1520.0,500.0,0.0,480.0
0.165,-0.075,0.8152,0.8845000000000001,True,2500,1538.0,500.0,0.0,462.0
0.165,-0.065,0.8268,0.89175,True,2500,1567.0,500.0,0.0,433.0
0.165,-0.055,0.8348,0.8967499999999999,True,2500,1587.0,500.0,0.0,413.0
0.165,-0.045,0.8404,0.90025,True,2500,1601.0,500.0,0.0,399.0
0.165,-0.035,0.8456,0.9035,True,2500,1614.0,500.0,0.0,386.0
0.165,-0.025,0.8504,0.9065,True,2500,1626.0,500.0,0.0,374.0
0.165,-0.015,0.8576,0.911,True,2500,1644.0,500.0,0.0,356.0
0.165,-0.005,0.86,0.9125,True,2500,1650.0,500.0,0.0,350.0
0.165,0.005,0.8644,0.91525,True,2500,1661.0,500.0,0.0,339.0
0.165,0.015,0.8708,0.91925,True,2500,1677.0,500.0,0.0,323.0
0.165,0.025,0.8788,0.92125,True,2500,1701.0,496.0,4.0,299.0
0.165,0.035,0.8864,0.911,True,2500,1740.0,476.0,24.0,260.0
0.165,0.045,0.8852,0.86225,True,2500,1801.0,412.0,88.0,199.0
0.165,0.055,0.8672,0.7609999999999999,True,2500,1876.0,292.0,208.0,124.0
0.165,0.065,0.8292,0.6194999999999999,True,2500,1938.0,135.0,365.0,62.0
0.165,0.075,0.8036,0.5285,True,2500,1974.0,35.0,465.0,26.0
0.165,0.085,0.7968,0.4995,True,2500,1990.0,2.0,498.0,10.0
0.175,-0.125,0.7364,0.83525,True,2500,1341.0,500.0,0.0,659.0
0.175,-0.115,0.7464,0.8415,True,2500,1366.0,500.0,0.0,634.0
0.175,-0.105,0.7592,0.8494999999999999,True,2500,1398.0,500.0,0.0,602.0
0.175,-0.095,0.7764,0.86025,True,2500,1441.0,500.0,0.0,559.0
0.175,-0.085,0.7864,0.8665,True,2500,1466.0,500.0,0.0,534.0
0.175,-0.075,0.7948,0.87175,True,2500,1487.0,500.0,0.0,513.0
0.175,-0.065,0.808,0.88,True,2500,1520.0,500.0,0.0,480.0
0.175,-0.055,0.816,0.885,True,2500,1540.0,500.0,0.0,460.0
0.175,-0.045,0.8224,0.889,True,2500,1556.0,500.0,0.0,444.0
0.175,-0.035,0.828,0.8925000000000001,True,2500,1570.0,500.0,0.0,430.0
0.175,-0.025,0.8328,0.8955,True,2500,1582.0,500.0,0.0,418.0
0.175,-0.015,0.8416,0.901,True,2500,1604.0,500.0,0.0,396.0
0.175,-0.005,0.844,0.9025,True,2500,1610.0,500.0,0.0,390.0
0.175,0.005,0.8484,0.90525,True,2500,1621.0,500.0,0.0,379.0
0.175,0.015,0.856,0.91,True,2500,1640.0,500.0,0.0,360.0
0.175,0.025,0.8652,0.91275,True,2500,1667.0,496.0,4.0,333.0
0.175,0.035,0.8756,0.90425,True,2500,1713.0,476.0,24.0,287.0
0.175,0.045,0.8772,0.85725,True,2500,1781.0,412.0,88.0,219.0
0.175,0.055,0.8644,0.75925,True,2500,1869.0,292.0,208.0,131.0
0.175,0.065,0.828,0.61875,True,2500,1935.0,135.0,365.0,65.0
0.175,0.075,0.8032,0.52825,True,2500,1973.0,35.0,465.0,27.0
0.175,0.085,0.7964,0.49925,True,2500,1989.0,2.0,498.0,11.0
0.185,-0.125,0.7104,0.819,True,2500,1276.0,500.0,0.0,724.0
0.185,-0.115,0.7212,0.82575,True,2500,1303.0,500.0,0.0,697.0
0.185,-0.105,0.7356,0.83475,True,2500,1339.0,500.0,0.0,661.0
0.185,-0.095,0.7532,0.84575,True,2500,1383.0,500.0,0.0,617.0
0.185,-0.085,0.7644,0.85275,True,2500,1411.0,500.0,0.0,589.0
0.185,-0.075,0.774,0.85875,True,2500,1435.0,500.0,0.0,565.0
0.185,-0.065,0.7884,0.86775,True,2500,1471.0,500.0,0.0,529.0
0.185,-0.055,0.7968,0.873,True,2500,1492.0,500.0,0.0,508.0
0.185,-0.045,0.8044,0.87775,True,2500,1511.0,500.0,0.0,489.0
0.185,-0.035,0.8104,0.8815,True,2500,1526.0,500.0,0.0,474.0
0.185,-0.025,0.816,0.885,True,2500,1540.0,500.0,0.0,460.0
0.185,-0.015,0.8252,0.8907499999999999,True,2500,1563.0,500.0,0.0,437.0
0.185,-0.005,0.828,0.8925000000000001,True,2500,1570.0,500.0,0.0,430.0
0.185,0.005,0.8324,0.89525,True,2500,1581.0,500.0,0.0,419.0
0.185,0.015,0.8416,0.901,True,2500,1604.0,500.0,0.0,396.0
0.185,0.025,0.8524,0.90475,True,2500,1635.0,496.0,4.0,365.0
0.185,0.035,0.8644,0.89725,True,2500,1685.0,476.0,24.0,315.0
0.185,0.045,0.8684,0.85175,True,2500,1759.0,412.0,88.0,241.0
0.185,0.055,0.8584,0.7555000000000001,True,2500,1854.0,292.0,208.0,146.0
0.185,0.065,0.8256,0.6172500000000001,True,2500,1929.0,135.0,365.0,71.0
0.185,0.075,0.8016,0.52725,True,2500,1969.0,35.0,465.0,31.0
0.185,0.085,0.7964,0.49925,True,2500,1989.0,2.0,498.0,11.0
0.195,-0.125,0.6908,0.8067500000000001,True,2500,1227.0,500.0,0.0,773.0
0.195,-0.115,0.7028,0.8142499999999999,True,2500,1257.0,500.0,0.0,743.0
0.195,-0.105,0.718,0.82375,True,2500,1295.0,500.0,0.0,705.0
0.195,-0.095,0.7364,0.83525,True,2500,1341.0,500.0,0.0,659.0
0.195,-0.085,0.7484,0.84275,True,2500,1371.0,500.0,0.0,629.0
0.195,-0.075,0.7596,0.84975,True,2500,1399.0,500.0,0.0,601.0
0.195,-0.065,0.7744,0.859,True,2500,1436.0,500.0,0.0,564.0
0.195,-0.055,0.7832,0.8645,True,2500,1458.0,500.0,0.0,542.0
0.195,-0.045,0.7916,0.86975,True,2500,1479.0,500.0,0.0,521.0
0.195,-0.035,0.7976,0.8734999999999999,True,2500,1494.0,500.0,0.0,506.0
0.195,-0.025,0.804,0.8775,True,2500,1510.0,500.0,0.0,490.0
0.195,-0.015,0.8136,0.8835,True,2500,1534.0,500.0,0.0,466.0
0.195,-0.005,0.8168,0.8855,True,2500,1542.0,500.0,0.0,458.0
0.195,0.005,0.8216,0.8885000000000001,True,2500,1554.0,500.0,0.0,446.0
0.195,0.015,0.8316,0.8947499999999999,True,2500,1579.0,500.0,0.0,421.0
0.195,0.025,0.8424,0.8985000000000001,True,2500,1610.0,496.0,4.0,390.0
0.195,0.035,0.8552,0.8915,True,2500,1662.0,476.0,24.0,338.0
0.195,0.045,0.862,0.84775,True,2500,1743.0,412.0,88.0,257.0
0.195,0.055,0.8556,0.7537499999999999,True,2500,1847.0,292.0,208.0,153.0
0.195,0.065,0.8248,0.61675,True,2500,1927.0,135.0,365.0,73.0
0.195,0.075,0.8012,0.527,True,2500,1968.0,35.0,465.0,32.0
0.195,0.085,0.7964,0.49925,True,2500,1989.0,2.0,498.0,11.0
0.205,-0.125,0.6764,0.79775,True,2500,1191.0,500.0,0.0,809.0
0.205,-0.115,0.6884,0.80525,True,2500,1221.0,500.0,0.0,779.0
0.205,-0.105,0.704,0.815,True,2500,1260.0,500.0,0.0,740.0
0.205,-0.095,0.7224,0.8265,True,2500,1306.0,500.0,0.0,694.0
0.205,-0.085,0.7344,0.8340000000000001,True,2500,1336.0,500.0,0.0,664.0
0.205,-0.075,0.746,0.84125,True,2500,1365.0,500.0,0.0,635.0
0.205,-0.065,0.7628,0.85175,True,2500,1407.0,500.0,0.0,593.0
0.205,-0.055,0.7716,0.8572500000000001,True,2500,1429.0,500.0,0.0,571.0
0.205,-0.045,0.7808,0.863,True,2500,1452.0,500.0,0.0,548.0
0.205,-0.035,0.7868,0.86675,True,2500,1467.0,500.0,0.0,533.0
0.205,-0.025,0.7932,0.87075,True,2500,1483.0,500.0,0.0,517.0
0.205,-0.015,0.804,0.8775,True,2500,1510.0,500.0,0.0,490.0
0.205,-0.005,0.8072,0.8795,True,2500,1518.0,500.0,0.0,482.0
0.205,0.005,0.8124,0.8827499999999999,True,2500,1531.0,500.0,0.0,469.0
0.205,0.015,0.8232,0.8895,True,2500,1558.0,500.0,0.0,442.0
0.205,0.025,0.834,0.89325,True,2500,1589.0,496.0,4.0,411.0
0.205,0.035,0.848,0.887,True,2500,1644.0,476.0,24.0,356.0
0.205,0.045,0.8568,0.8445,True,2500,1730.0,412.0,88.0,270.0
0.205,0.055,0.8516,0.75125,True,2500,1837.0,292.0,208.0,163.0
0.205,0.065,0.8224,0.6152500000000001,True,2500,1921.0,135.0,365.0,79.0
0.205,0.075,0.8004,0.5265,True,2500,1966.0,35.0,465.0,34.0
0.205,0.085,0.7964,0.49925,True,2500,1989.0,2.0,498.0,11.0
0.215,-0.125,0.668,0.7925,True,2500,1170.0,500.0,0.0,830.0
0.215,-0.115,0.68,0.8,True,2500,1200.0,500.0,0.0,800.0
0.215,-0.105,0.6968,0.8105,True,2500,1242.0,500.0,0.0,758.0
0.215,-0.095,0.7152,0.8220000000000001,True,2500,1288.0,500.0,0.0,712.0
0.215,-0.085,0.728,0.8300000000000001,True,2500,1320.0,500.0,0.0,680.0
0.215,-0.075,0.7396,0.83725,True,2500,1349.0,500.0,0.0,651.0
0.215,-0.065,0.7564,0.84775,True,2500,1391.0,500.0,0.0,609.0
0.215,-0.055,0.7652,0.8532500000000001,True,2500,1413.0,500.0,0.0,587.0
0.215,-0.045,0.7752,0.8594999999999999,True,2500,1438.0,500.0,0.0,562.0
0.215,-0.035,0.7816,0.8634999999999999,True,2500,1454.0,500.0,0.0,546.0
0.215,-0.025,0.7884,0.86775,True,2500,1471.0,500.0,0.0,529.0
0.215,-0.015,0.7992,0.8745,True,2500,1498.0,500.0,0.0,502.0
0.215,-0.005,0.8024,0.8765000000000001,True,2500,1506.0,500.0,0.0,494.0
0.215,0.005,0.808,0.88,True,2500,1520.0,500.0,0.0,480.0
0.215,0.015,0.8188,0.8867499999999999,True,2500,1547.0,500.0,0.0,453.0
0.215,0.025,0.83,0.8907499999999999,True,2500,1579.0,496.0,4.0,421.0
0.215,0.035,0.8444,0.8847499999999999,True,2500,1635.0,476.0,24.0,365.0
0.215,0.045,0.8544,0.843,True,2500,1724.0,412.0,88.0,276.0
0.215,0.055,0.8508,0.75075,True,2500,1835.0,292.0,208.0,165.0
0.215,0.065,0.822,0.615,True,2500,1920.0,135.0,365.0,80.0
0.215,0.075,0.8004,0.5265,True,2500,1966.0,35.0,465.0,34.0
0.215,0.085,0.7964,0.49925,True,2500,1989.0,2.0,498.0,11.0
